name,orientation,critical_depth,width_max,offset,tilt,gain,critical_depth_min,critical_depth_max,width_max_min,width_max_max
2014-1,-1,1.000,10.00,0.100,-0.0300,91.296,1.000,1.000,10.00,10.00
2014-2,-1,0.500,5.50,-0.050,0.0000,35.626,0.500,0.700,5.50,6.00
2014-3,-1,0.400,3.50,0.000,0.0000,31.229,0.350,0.800,1.50,3.50
2014-4,-1,0.550,5.00,0.000,0.0000,83.612,0.500,0.550,5.00,5.50
2014-5,1,0.600,5.50,-0.050,-0.0150,65.553,0.600,0.750,5.00,6.00
2014-6,-1,0.800,2.00,0.000,0.0000,11.777,0.800,1.000,1.50,2.00
2014-7,-1,0.950,0.50,0.150,-0.0300,10.606,0.950,0.950,0.50,0.50
2014-8,1,0.650,5.00,0.000,0.0150,50.604,0.650,0.650,5.00,5.00
2014-9,-1,0.400,6.00,0.000,0.0000,38.802,0.350,0.450,5.00,7.50
2014-10,-1,0.750,2.50,0.050,-0.0150,31.082,0.400,0.800,2.50,2.50
2014-11,1,0.500,5.00,0.000,0.0150,34.805,0.500,0.750,4.50,5.00
2014-12,-1,0.350,2.50,0.000,0.0150,7.584,0.050,0.400,2.00,6.00
2014-13,-1,0.150,3.00,0.050,0.0000,11.744,0.150,0.150,2.00,4.50
2014-14,1,0.450,5.50,0.050,-0.0150,45.103,0.450,0.550,4.50,5.50
2014-15,-1,0.150,0.50,0.350,0.0000,15.183,0.150,0.250,0.50,2.50
2014-16,-1,0.500,5.50,-0.050,-0.0150,39.280,0.500,0.500,5.50,5.50
2014-17,-1,0.850,2.00,-0.100,0.0300,12.872,0.750,1.000,1.50,2.50
2014-18,-1,0.300,3.00,0.100,0.0150,33.168,0.250,0.300,1.50,5.50
2014-19,-1,0.100,7.00,0.000,0.0000,6.410,0.100,0.100,6.00,8.00
2014-20,-1,0.450,3.50,0.150,0.0000,18.207,0.350,0.700,1.00,5.50
2014-21,1,0.150,5.00,-0.400,-0.0300,1.995,0.000,1.000,0.00,10.00
2014-22,1,0.100,6.50,0.200,0.0000,9.087,0.100,0.100,6.00,7.00
2014-23,-1,0.800,1.50,0.000,-0.0150,17.684,0.450,0.800,1.50,2.50
2014-24,-1,0.350,5.00,-0.100,-0.0150,12.689,0.300,0.750,3.50,5.50
2014-25,-1,0.600,5.50,0.000,0.0000,39.303,0.400,0.600,4.50,6.00
2014-26,-1,0.450,5.50,0.000,0.0000,40.860,0.450,0.450,5.50,5.50
2014-27,1,0.150,4.00,-0.200,-0.0300,3.743,0.050,0.250,3.00,6.00
2014-28,1,0.350,3.50,0.000,0.0000,15.046,0.300,0.350,3.50,4.00
2014-29,-1,0.350,4.50,0.000,0.0000,46.430,0.350,0.350,4.50,4.50
2014-30,1,0.400,4.00,-0.050,0.0000,7.570,0.350,0.400,3.50,5.00
2014-31,1,0.400,3.00,0.000,0.0000,25.858,0.400,0.450,3.00,3.00
2014-32,1,0.350,5.50,0.050,0.0000,41.206,0.300,0.400,5.00,6.00
2014-33,-1,0.450,5.50,0.000,-0.0150,43.387,0.350,0.450,5.00,6.00
2014-34,1,0.500,2.50,0.000,0.0000,7.099,0.500,1.000,0.50,2.50
2014-35,-1,0.500,6.50,0.000,-0.0150,58.183,0.450,0.500,1.00,7.00
2014-36,1,1.000,10.00,0.100,-0.0150,48.556,1.000,1.000,10.00,10.00
2014-37,1,0.400,5.00,0.200,-0.0300,18.207,0.400,0.400,4.50,5.50
2014-38,1,0.400,1.50,0.000,0.0000,7.894,0.300,1.000,1.00,2.00
2014-39,1,0.450,6.50,0.000,-0.0300,39.493,0.400,0.450,6.00,6.50
2014-40,-1,0.400,4.50,0.000,0.0150,23.218,0.400,0.400,4.50,4.50
2014-41,1,0.400,4.50,0.000,0.0000,22.305,0.350,0.450,4.00,5.00
2014-42,-1,0.350,6.00,-0.050,0.0150,29.674,0.350,0.400,5.50,6.00
2014-43,-1,0.400,5.50,-0.150,0.0150,30.909,0.400,0.450,2.50,8.00
2014-44,1,0.350,4.50,0.000,-0.0150,12.084,0.250,0.400,4.00,7.00
2014-45,1,0.400,5.00,0.000,0.0000,36.878,0.400,0.450,4.50,5.00
2014-46,1,0.550,3.00,0.050,0.0000,6.103,0.300,0.800,2.00,4.00
2014-47,-1,0.150,1.50,0.000,0.0000,14.166,0.150,1.000,1.00,1.50
2014-48,1,0.750,2.50,-0.200,-0.0150,43.350,0.600,0.850,2.00,5.50
2014-49,1,0.050,7.50,-0.100,0.0150,2.214,0.050,0.200,1.50,8.50
2014b-1,-1,1.000,1.00,0.050,0.0300,13.405,0.900,1.000,1.00,1.50
2014b-2,1,0.450,5.50,0.050,0.0000,64.476,0.450,0.450,5.50,5.50
2014b-3,1,0.200,8.50,-0.050,0.0300,7.800,0.200,0.250,7.50,8.50
2014b-4,1,0.400,5.00,-0.050,-0.0150,13.066,0.400,0.400,5.00,5.00
2014b-5,1,0.200,6.50,-0.100,0.0300,24.617,0.200,0.200,6.50,7.50
2014b-6,1,0.850,4.00,0.050,0.0000,33.826,0.700,1.000,3.00,8.00
2014b-7,-1,0.350,4.50,0.000,0.0150,19.071,0.350,0.350,4.00,4.50
2014b-8,-1,0.450,5.50,0.050,0.0000,47.423,0.400,0.450,5.00,5.50
2014b-9,1,0.150,6.50,0.150,-0.0300,11.719,0.150,0.600,4.50,7.00
2014b-10,1,0.550,2.00,-0.350,-0.0300,10.135,0.200,0.600,2.00,7.50
2014b-11,1,0.200,3.00,-0.150,-0.0300,1.440,0.000,1.000,0.00,10.00
2014b-12,-1,0.900,1.00,0.250,0.0150,8.966,0.900,0.950,1.00,1.00
2014b-13,-1,0.500,5.50,-0.100,0.0150,51.419,0.450,0.500,5.50,6.50
2014b-14,-1,1.000,1.50,0.050,-0.0300,4.508,0.400,1.000,1.50,3.50
2014b-15,1,0.500,4.50,0.050,0.0150,42.537,0.400,0.500,4.50,5.00
2014b-16,1,0.450,5.00,0.100,0.0300,26.726,0.450,0.450,5.00,5.00
2014b-17,-1,0.150,6.00,0.150,-0.0300,21.668,0.150,0.150,5.50,6.00
2014b-18,1,0.450,6.50,0.000,0.0300,38.457,0.450,0.450,6.50,6.50
2014b-19,-1,0.300,6.50,0.250,-0.0300,13.890,0.250,0.300,6.00,6.50
2014b-20,-1,0.300,5.00,0.250,0.0300,13.913,0.300,0.300,4.00,6.00
2014b-21,-1,0.150,6.00,-0.550,0.0150,10.360,0.150,0.200,4.00,6.00
2014b-22,-1,0.250,6.50,0.300,0.0300,12.796,0.250,0.400,4.50,7.00
2014b-23,-1,0.450,5.00,0.000,-0.0150,21.050,0.350,0.500,4.50,5.00
2014b-24,1,0.450,5.50,0.100,0.0000,44.899,0.450,0.550,5.50,5.50
2014b-25,-1,0.850,2.00,0.100,0.0150,23.148,0.750,0.850,2.00,2.00
2014b-26,1,0.550,4.00,-0.250,-0.0300,23.177,0.550,0.550,4.00,4.00
2014b-27,-1,0.250,3.00,-0.150,0.0300,14.343,0.250,0.300,2.00,3.00
2014b-28,1,0.400,6.00,0.050,0.0000,51.212,0.400,0.400,6.00,6.00
2014b-29,-1,0.600,4.50,-0.050,0.0150,7.169,0.500,1.000,2.50,4.50
2014b-30,-1,0.550,1.50,0.400,0.0300,8.767,0.300,0.750,1.00,1.50
2014b-31,-1,0.950,3.00,0.000,0.0000,24.276,0.950,0.950,2.50,3.00
2014b-32,-1,0.200,9.50,-0.100,-0.0300,10.879,0.200,0.200,9.50,10.00
2014b-33,-1,0.400,6.00,0.050,0.0300,39.054,0.400,0.400,6.00,6.00
2014b-34,1,0.650,2.00,-0.400,-0.0300,16.886,0.400,0.700,2.00,5.50
2014b-35,1,0.600,4.00,0.050,0.0000,17.175,0.550,1.000,4.00,7.50
2014b-36,1,0.350,3.00,0.200,-0.0150,15.308,0.350,0.350,1.50,3.00
2014b-37,1,0.350,8.00,0.600,-0.0150,9.158,0.300,0.500,8.00,10.00
2014b-38,1,0.450,6.00,-0.600,-0.0300,39.908,0.400,0.550,5.50,6.50
2014b-39,-1,0.400,1.50,-0.450,0.0150,23.239,0.350,0.650,1.00,7.00
2014b-40,-1,0.500,3.50,0.000,-0.0300,9.678,0.200,0.900,1.00,9.00
2014b-41,1,0.300,5.00,0.050,0.0000,22.970,0.300,0.350,4.00,5.50
2014b-42,1,0.350,3.00,0.100,-0.0300,19.891,0.350,0.350,3.00,3.00
2014b-43,1,0.450,6.50,0.000,0.0000,47.200,0.450,0.450,6.00,6.50
2014b-44,-1,0.900,1.50,-0.100,-0.0150,9.402,0.700,1.000,1.50,2.50
2014b-45,1,0.800,3.00,-0.250,0.0150,22.998,0.800,0.850,2.50,3.00
2014b-46,1,0.250,10.00,0.250,-0.0300,6.015,0.100,0.300,6.50,10.00
2014b-47,1,0.600,7.00,0.300,0.0300,20.812,0.400,0.600,4.50,7.00
2014b-48,1,0.700,2.00,-0.050,-0.0150,25.475,0.700,0.700,2.00,2.00
2014b-49,1,0.400,2.00,0.300,0.0150,7.309,0.400,0.400,2.00,2.00
2014b-50,1,0.850,3.00,-0.100,-0.0300,31.869,0.850,0.850,3.00,3.00
2014b-51,1,0.500,6.50,-0.450,0.0300,15.251,0.500,0.550,6.00,6.50
2014b-52,1,0.550,7.00,0.400,0.0300,12.536,0.550,0.550,7.00,7.00
2014b-53,1,0.350,2.00,0.150,0.0300,10.231,0.050,0.350,2.00,8.00
2014b-54,1,0.400,10.00,-0.250,-0.0300,9.006,0.400,0.400,10.00,10.00
2014b-55,1,0.350,9.00,-0.200,0.0300,11.518,0.200,0.400,7.00,9.50
2014b-56,-1,1.000,2.00,0.400,0.0150,16.667,0.400,1.000,2.00,3.00
2014b-57,-1,0.950,0.50,-0.350,0.0000,10.731,0.150,1.000,0.50,10.00
2014b-58,1,0.300,5.00,-0.400,-0.0300,51.832,0.300,0.300,5.00,5.00
2014b-59,-1,1.000,4.50,0.450,-0.0300,18.068,0.650,1.000,4.50,9.00
2014b-60,-1,0.250,6.00,-0.100,0.0000,25.697,0.250,0.250,6.00,6.00
2014b-61,1,0.350,2.50,0.150,0.0300,3.832,0.150,0.450,1.50,5.00
2014b-62,1,0.550,0.50,-0.500,-0.0300,5.675,0.200,0.600,0.50,8.00
2014b-63,1,0.350,1.00,0.250,-0.0300,8.523,0.150,1.000,1.00,2.00
2014b-64,1,0.450,6.50,-0.550,0.0000,23.254,0.450,0.500,6.00,7.00
2014b-65,-1,0.650,5.00,0.000,-0.0300,42.002,0.650,0.700,5.00,5.00
2014b-66,-1,0.450,6.50,-0.600,0.0000,12.783,0.450,0.700,5.50,7.50
2014b-67,-1,0.400,4.00,-0.250,0.0300,11.118,0.150,0.400,3.50,6.00
2014b-68,1,0.950,0.50,-0.350,-0.0300,3.973,0.800,1.000,0.50,0.50
2014b-69,-1,0.550,4.00,0.050,-0.0300,12.110,0.350,0.600,3.50,4.50
2014b-70,1,0.650,0.50,-0.450,-0.0150,15.039,0.600,0.700,0.50,0.50
2014b-71,-1,0.400,4.50,-0.050,0.0150,12.934,0.400,0.400,4.50,4.50
2014b-72,1,0.350,3.50,0.450,0.0150,14.994,0.300,0.350,3.50,4.00
2014b-73,-1,0.050,3.00,0.350,-0.0150,1.058,0.000,1.000,0.00,10.00
2014b-74,1,0.450,7.50,0.000,-0.0150,55.780,0.450,0.450,7.50,7.50
2014b-75,-1,0.700,5.50,-0.200,0.0000,28.390,0.350,0.700,4.50,9.50
2014b-76,-1,0.250,6.00,-0.400,-0.0300,10.969,0.200,0.350,6.00,9.00
2014b-77,1,0.500,8.50,-0.300,-0.0300,41.194,0.500,0.500,8.50,8.50
2014b-78,-1,0.250,3.50,0.000,0.0000,16.926,0.250,0.350,2.50,4.00
2014b-79,-1,0.900,2.00,0.400,0.0300,42.136,0.900,0.900,2.00,2.00
2014b-80,1,1.000,1.00,0.600,-0.0150,10.403,0.950,1.000,1.00,1.00
2014b-81,1,0.650,9.00,-0.050,0.0000,41.399,0.650,0.650,8.50,9.00
2014b-82,1,0.550,6.50,-0.600,0.0150,39.776,0.550,0.600,6.00,6.50
2014b-83,-1,0.300,1.50,0.450,-0.0300,6.320,0.300,0.550,1.00,1.50
2014b-84,1,0.400,1.00,0.200,-0.0150,13.167,0.350,0.450,1.00,1.00
2014b-85,1,0.900,3.00,-0.100,-0.0150,21.236,0.850,1.000,2.50,4.00
2014b-86,-1,0.600,5.00,0.300,0.0150,40.923,0.550,0.700,4.50,5.00
2014b-87,-1,0.500,2.50,0.500,-0.0300,8.331,0.450,0.500,2.50,4.00
2014b-88,1,1.000,1.00,0.600,-0.0300,2.792,0.050,1.000,0.50,10.00
2014b-89,1,0.450,3.50,-0.050,0.0300,6.925,0.450,0.700,2.00,3.50
2014b-90,1,0.750,4.50,0.250,0.0000,18.816,0.350,0.900,4.50,7.50
2014b-91,-1,0.950,4.00,0.250,0.0150,37.187,0.550,0.950,4.00,8.50
2014b-92,1,0.650,5.50,0.050,0.0000,35.066,0.650,0.650,4.50,5.50
2014b-93,1,1.000,4.00,-0.050,-0.0150,36.257,1.000,1.000,4.00,4.00
2014b-94,1,0.550,6.00,-0.500,-0.0300,47.807,0.550,0.550,6.00,6.50
2014b-95,1,0.550,6.50,-0.150,-0.0150,34.799,0.550,0.950,3.00,7.00
2014b-96,-1,0.550,3.00,-0.100,-0.0150,8.324,0.050,0.650,3.00,5.00
2014b-97,-1,0.400,3.00,0.150,0.0300,11.364,0.250,0.450,2.00,3.50
2014b-98,-1,0.300,5.50,0.500,0.0300,21.671,0.250,0.350,4.50,5.50
2014b-99,1,0.200,10.00,0.050,-0.0300,17.906,0.200,0.250,9.00,10.00
2014b-100,1,0.600,4.50,0.050,0.0300,23.692,0.600,0.650,4.50,4.50
2014b-101,1,0.450,6.00,0.050,-0.0150,29.389,0.450,0.450,6.00,6.00
2014b-102,-1,0.850,1.00,0.150,0.0300,8.024,0.550,0.900,1.00,1.50
2014b-103,1,0.300,5.50,0.100,-0.0300,27.216,0.300,0.300,5.50,5.50
2014b-104,1,0.500,3.00,0.600,-0.0300,16.981,0.500,0.500,3.00,3.00
2014b-105,1,0.400,6.00,0.550,0.0300,25.376,0.400,0.900,4.00,6.00
2014b-106,-1,0.400,6.50,0.000,-0.0300,41.664,0.400,0.400,6.00,7.00
2014b-107,1,1.000,2.00,0.150,-0.0150,17.381,1.000,1.000,2.00,2.00
2014b-108,1,0.550,6.00,-0.100,0.0000,51.183,0.550,0.550,6.00,6.00
2014b-109,-1,0.850,4.00,-0.100,-0.0150,26.398,0.700,0.900,4.00,4.50
2014b-110,-1,0.200,4.50,-0.550,0.0300,11.102,0.200,0.400,2.00,4.50
2014b-111,1,1.000,0.50,0.350,-0.0300,15.773,1.000,1.000,0.50,0.50
2014b-112,1,0.200,5.00,-0.200,0.0000,14.796,0.150,0.900,1.50,6.50
2014b-113,1,0.250,5.00,-0.300,0.0300,11.739,0.250,0.500,2.50,5.00
2014b-114,1,0.750,1.50,-0.050,0.0300,2.330,0.750,1.000,1.00,1.50
2014b-115,1,0.500,8.50,0.000,-0.0150,17.901,0.450,0.500,8.00,10.00
2014b-116,-1,0.550,3.00,-0.600,-0.0300,6.722,0.150,0.550,3.00,6.50
2014b-117,-1,0.350,1.00,-0.350,0.0300,10.654,0.100,0.400,1.00,2.00
2014b-118,-1,0.250,6.00,0.150,-0.0150,10.173,0.250,0.550,2.00,6.50
2014b-119,1,0.500,5.50,0.150,0.0300,45.137,0.500,0.600,5.50,6.00
2014b-120,1,0.450,6.00,0.050,0.0000,63.541,0.450,0.450,6.00,6.00
2014b-121,1,0.450,6.00,0.050,-0.0300,10.563,0.450,0.500,3.00,6.00
2014b-122,-1,0.450,6.50,-0.150,0.0300,46.196,0.450,0.450,6.50,6.50
2014b-123,1,0.350,9.50,-0.100,0.0300,32.656,0.350,0.350,9.50,10.00
2014b-124,1,0.700,6.00,0.150,-0.0150,53.293,0.650,0.700,6.00,6.50
2014b-125,1,0.400,8.50,-0.050,0.0150,62.906,0.400,0.400,8.50,9.00
2014b-126,-1,0.900,2.50,-0.100,-0.0300,14.279,0.250,1.000,2.50,4.50
2014b-127,1,0.700,4.00,-0.350,0.0300,6.866,0.450,0.700,1.50,4.00
2014b-128,1,0.500,6.50,0.000,0.0000,71.962,0.500,0.500,6.50,7.00
2014b-129,1,0.250,6.50,0.350,0.0000,23.876,0.250,0.300,4.00,6.50
2014b-130,-1,0.800,2.00,-0.250,-0.0150,16.261,0.800,0.800,2.00,2.00
2014b-131,1,0.250,2.00,-0.200,-0.0300,6.497,0.150,0.750,1.00,2.50
2014b-132,1,0.850,2.00,0.250,0.0300,8.832,0.150,1.000,1.00,2.50
2014b-133,1,0.650,7.50,0.400,-0.0300,16.191,0.150,1.000,1.50,7.50
2014b-134,-1,0.350,7.50,-0.100,-0.0300,36.202,0.300,0.400,7.00,8.50
2014b-135,1,0.250,2.50,-0.100,0.0150,0.806,0.000,1.000,0.00,10.00
2014b-136,-1,0.250,5.00,0.050,-0.0300,26.006,0.250,0.350,3.50,6.50
2014b-137,-1,0.200,9.50,-0.450,0.0300,8.236,0.150,0.200,5.50,10.00
2014b-138,1,1.000,3.50,-0.600,0.0300,17.920,0.900,1.000,3.00,3.50
2014b-139,1,0.450,6.50,0.000,0.0150,38.604,0.450,0.500,6.00,7.00
2014b-140,-1,0.600,2.50,-0.300,-0.0300,24.881,0.600,0.600,2.50,2.50
2014b-141,1,1.000,4.50,0.200,0.0300,33.705,0.850,1.000,4.50,6.00
2014b-142,-1,0.350,0.50,0.250,-0.0300,11.700,0.350,0.950,0.50,2.50
2014b-143,1,0.450,8.00,-0.300,0.0000,36.900,0.350,0.450,7.00,8.00
2014b-144,1,0.650,1.00,0.050,0.0150,22.044,0.600,0.900,1.00,2.50
2014b-145,1,0.500,6.00,-0.050,-0.0150,69.784,0.500,0.500,6.00,6.00
2014b-146,1,0.500,6.00,0.100,-0.0300,27.570,0.450,0.500,4.50,6.00
2014b-147,-1,0.200,1.50,-0.550,0.0300,7.229,0.100,0.250,1.50,3.50
2014b-148,1,0.650,9.00,-0.200,0.0150,31.609,0.650,0.650,7.00,9.50
2014b-149,1,0.400,5.50,-0.250,0.0300,21.178,0.350,0.400,5.50,6.00
2014b-150,-1,0.150,7.50,-0.400,0.0300,9.558,0.150,0.550,5.00,8.00
2014b-151,1,0.200,8.00,-0.550,0.0300,23.809,0.200,0.300,6.00,8.00
2014b-152,1,0.400,5.50,0.300,0.0000,50.059,0.400,0.500,5.50,6.50
2014b-153,-1,0.450,5.50,-0.150,0.0000,40.323,0.400,0.450,5.50,5.50
2014b-154,-1,0.700,2.50,-0.050,0.0300,23.256,0.650,0.900,2.50,3.00
2014b-155,1,1.000,2.00,0.250,0.0000,27.571,1.000,1.000,2.00,2.00
2014b-156,1,0.650,6.00,-0.200,-0.0300,90.814,0.650,0.650,6.00,6.00
2014b-157,-1,0.750,1.00,0.100,0.0300,16.330,0.550,1.000,1.00,2.00
2014b-158,-1,0.400,2.50,0.000,-0.0150,17.081,0.150,0.600,2.50,8.00
2014b-159,-1,0.400,7.00,-0.050,0.0150,16.034,0.350,0.700,3.50,7.50
2014b-160,-1,0.450,1.50,-0.050,0.0000,14.259,0.450,0.450,1.50,1.50
2014b-161,1,0.450,5.50,-0.100,0.0000,50.930,0.450,0.450,5.50,5.50
2014b-162,1,0.300,2.50,0.350,0.0300,17.031,0.250,0.300,2.50,3.00
2014b-163,-1,0.750,5.50,0.050,0.0300,40.868,0.750,0.800,5.00,5.50
2014b-164,1,0.850,5.50,-0.450,0.0300,13.488,0.850,0.850,4.50,5.50
2014b-165,-1,1.000,1.50,0.150,0.0300,18.668,0.400,1.000,1.50,5.00
2014b-166,1,0.400,7.00,0.000,0.0300,22.805,0.400,0.400,7.00,7.00
2014b-167,1,0.450,5.50,0.050,0.0000,23.472,0.450,0.450,5.50,5.50
2014b-168,-1,0.300,8.00,0.100,-0.0300,13.558,0.200,1.000,4.00,9.50
2014b-169,1,0.300,5.50,0.100,0.0300,14.507,0.250,0.400,4.50,6.00
2014b-170,-1,0.450,5.50,0.000,0.0000,37.552,0.450,0.450,5.50,5.50
2014b-171,1,1.000,1.00,-0.050,0.0000,13.892,0.450,1.000,1.00,6.00
2014b-172,1,0.400,5.00,0.050,0.0000,61.314,0.400,0.450,4.00,5.00
2014b-173,-1,0.400,5.50,-0.250,-0.0300,34.613,0.400,0.400,5.50,6.00
2014b-174,-1,1.000,7.50,-0.150,0.0150,26.502,1.000,1.000,7.50,7.50
2014b-175,-1,0.600,5.50,0.200,-0.0150,41.021,0.600,0.600,5.50,5.50
2014b-176,-1,0.350,6.00,0.000,0.0150,42.617,0.350,0.450,5.00,6.50
2014b-177,1,0.600,2.50,0.300,0.0300,19.277,0.550,0.600,2.50,2.50
2014b-178,1,0.850,5.50,-0.150,0.0300,80.470,0.850,0.850,5.50,5.50
2014b-179,-1,0.400,5.00,0.000,0.0150,72.704,0.400,0.400,5.00,5.50
2014b-180,1,0.450,5.50,0.000,-0.0150,40.035,0.450,0.450,5.50,5.50
2014b-181,1,0.400,6.00,-0.050,0.0000,51.055,0.400,0.400,6.00,6.50
2014b-182,-1,0.400,6.00,0.050,0.0000,43.828,0.400,0.450,5.50,6.00
2014b-183,-1,0.400,5.00,-0.050,0.0150,43.462,0.400,0.400,5.00,5.00
2014b-184,1,0.450,5.50,0.000,-0.0150,46.408,0.400,0.450,5.50,6.00
2014b-185,-1,0.550,5.50,0.050,0.0150,30.640,0.400,0.550,5.50,8.50
2014b-186,1,0.500,5.50,-0.400,-0.0300,22.442,0.500,0.500,5.50,5.50
2014b-187,1,0.500,5.50,0.050,0.0300,26.541,0.450,0.500,5.00,5.50
2014b-188,1,0.950,3.00,-0.550,0.0150,13.715,0.300,1.000,3.00,7.00
2014b-189,-1,1.000,1.00,-0.050,-0.0300,32.595,0.950,1.000,1.00,1.00
2014b-190,1,0.700,4.00,-0.100,-0.0300,55.022,0.700,0.700,4.00,4.00
2014b-191,-1,0.600,6.00,0.150,0.0300,31.268,0.600,0.600,6.00,6.00
2014b-192,-1,0.500,2.50,0.050,0.0300,29.429,0.500,0.500,2.50,2.50
2014b-193,1,0.200,6.50,0.000,0.0000,22.823,0.200,0.200,6.00,6.50
2014b-194,-1,0.600,4.00,-0.500,0.0000,29.244,0.550,0.600,4.00,4.00
2014b-195,-1,0.800,1.00,-0.400,0.0300,10.619,0.700,0.900,1.00,1.00
2014b-196,1,0.400,7.00,0.050,0.0000,62.718,0.400,0.400,7.00,7.00
2014b-197,1,0.450,5.50,0.000,0.0000,77.427,0.450,0.450,5.50,6.00
2014b-198,1,0.700,5.50,0.150,0.0000,29.788,0.450,0.700,5.50,6.00
2014b-199,1,0.450,6.00,-0.250,0.0300,32.045,0.450,0.450,6.00,6.00
2014b-200,1,0.400,6.00,0.000,0.0150,59.838,0.400,0.400,6.00,6.00
2014b-201,1,0.650,4.00,-0.100,-0.0150,31.208,0.650,0.650,4.00,4.00
2014b-202,1,0.450,5.50,-0.050,-0.0150,44.133,0.450,0.450,5.50,6.00
2014b-203,-1,0.350,7.00,-0.050,0.0300,34.757,0.350,0.350,7.00,7.50
2014b-204,1,0.500,7.00,-0.300,0.0150,33.375,0.500,0.550,7.00,7.00
2014b-205,-1,0.250,7.00,-0.100,0.0300,12.337,0.250,0.250,6.00,7.00
2014b-206,-1,0.450,6.50,-0.050,0.0150,37.525,0.400,0.550,5.50,8.00
2014b-207,1,0.350,5.00,-0.050,0.0000,39.464,0.350,0.350,4.50,5.00
2014b-208,-1,0.500,5.50,-0.050,0.0300,43.740,0.500,0.500,5.50,5.50
2014b-209,1,0.350,7.00,-0.050,0.0000,29.611,0.350,0.400,6.50,7.00
2014b-210,1,0.400,5.50,0.000,-0.0300,37.497,0.400,0.450,5.50,6.00
2014b-211,1,0.350,5.00,0.050,0.0000,20.295,0.350,0.350,5.00,5.50
2014b-212,1,0.450,6.50,-0.050,0.0000,46.711,0.400,0.450,6.50,7.00
2014b-213,1,0.700,1.50,-0.050,0.0000,8.018,0.100,0.700,1.50,7.50
2014b-214,1,0.900,3.50,-0.050,0.0150,16.223,0.900,0.950,3.50,3.50
2014b-215,-1,0.400,6.50,-0.250,-0.0150,69.678,0.400,0.400,6.50,6.50
2014b-216,1,0.050,5.50,0.300,0.0300,5.898,0.050,0.400,4.00,10.00
2014b-217,-1,0.450,6.00,0.000,0.0000,68.731,0.450,0.450,6.00,6.00
2014b-218,1,0.450,5.50,0.000,0.0000,28.623,0.450,0.450,5.50,5.50
2014b-219,-1,0.450,6.50,0.050,0.0000,33.674,0.450,0.450,6.50,6.50
2014b-220,1,0.500,6.00,0.000,0.0000,50.189,0.500,0.500,6.00,6.00
2018-1,1,0.400,2.50,0.150,0.0150,28.743,0.350,0.450,2.50,5.50
2018-2,1,0.700,2.50,-0.050,0.0000,26.757,0.700,0.700,2.50,2.50
2018-3,-1,0.800,2.00,-0.050,0.0300,11.287,0.750,0.800,2.00,2.00
2018-4,1,0.400,5.00,0.050,0.0300,30.352,0.400,0.650,4.50,5.50
2018-5,-1,0.400,3.50,0.000,0.0000,42.937,0.350,0.550,3.00,3.50
2018-6,-1,0.450,5.00,0.000,0.0300,40.358,0.450,0.450,5.00,5.00
2018-7,-1,0.350,5.00,0.000,-0.0300,43.618,0.350,0.750,1.50,5.00
2018-8,-1,0.450,2.00,0.000,0.0000,9.749,0.450,0.550,1.50,2.50
2018-9,1,0.350,4.50,-0.100,0.0000,22.440,0.350,0.350,4.50,5.00
2018-10,-1,0.600,4.50,0.000,0.0150,19.750,0.450,0.600,4.50,5.00
2018-11,1,0.500,4.50,0.000,-0.0150,35.506,0.500,0.500,4.50,4.50
2018-12,-1,0.400,3.50,-0.100,-0.0150,17.326,0.350,0.850,0.50,7.50
2018-13,-1,0.650,3.00,0.050,-0.0150,15.189,0.650,0.700,2.50,3.00
2018-14,1,0.700,2.00,0.000,0.0300,5.467,0.550,1.000,1.00,2.00
2018-15,1,0.600,3.50,0.250,0.0300,76.563,0.600,0.600,3.50,6.00
2018-16,1,0.350,4.50,0.000,-0.0150,54.246,0.300,0.400,1.50,7.00
2018-17,1,0.350,5.50,-0.050,0.0000,50.651,0.350,0.350,5.50,5.50
2018-18,1,0.300,5.00,0.050,0.0000,33.349,0.300,0.300,4.50,5.00
2018-19,-1,0.500,2.00,-0.050,0.0150,19.795,0.500,0.500,2.00,2.00
2018-20,1,0.550,3.00,-0.050,0.0000,6.223,0.500,1.000,1.50,3.50
2018-21,1,0.550,1.50,-0.100,0.0000,8.936,0.350,0.550,1.50,3.50
2018-22,-1,0.400,3.50,0.000,0.0000,50.614,0.300,0.600,3.00,4.00
2018-23,1,0.250,6.00,-0.050,-0.0300,14.619,0.250,0.400,4.00,6.50
2018-24,-1,0.500,4.50,0.000,0.0150,16.618,0.300,0.600,4.00,6.50
2018-25,-1,0.400,5.00,0.050,0.0150,10.295,0.300,1.000,2.00,6.50
2018-26,-1,0.400,5.50,0.050,0.0000,62.662,0.400,0.400,5.50,5.50
2018-27,1,0.350,3.50,0.000,0.0000,17.223,0.300,0.400,3.50,3.50
2018-28,-1,0.350,5.50,-0.100,0.0300,19.388,0.300,0.400,5.00,6.00
2018-29,-1,0.300,8.00,0.050,0.0000,34.213,0.300,0.300,8.00,8.50
2018-30,1,0.700,1.50,0.050,-0.0300,7.324,0.050,1.000,1.50,10.00
2018-31,1,0.500,6.50,-0.150,-0.0150,67.760,0.500,0.500,6.00,6.50
2018-32,-1,0.400,5.50,-0.050,0.0150,18.278,0.400,0.550,4.50,6.00
2018-33,-1,0.200,1.00,-0.100,-0.0150,17.029,0.150,0.200,0.50,1.50
2018-34,1,0.250,6.50,0.000,-0.0150,21.106,0.200,0.450,5.00,8.50
2018-35,-1,0.450,5.50,0.050,0.0000,24.332,0.400,0.450,5.00,6.50
2018-36,-1,0.400,6.00,0.000,0.0000,56.597,0.400,0.400,5.50,6.00
2018-37,1,0.400,6.00,0.000,0.0000,56.540,0.300,0.400,5.50,6.50
2018-38,-1,0.300,4.50,0.000,0.0000,22.572,0.200,0.350,3.50,8.50
2018-39,-1,0.350,3.00,0.050,0.0000,22.759,0.350,0.350,3.00,3.00
2018-40,1,0.200,2.00,0.050,0.0300,1.655,0.000,1.000,0.00,10.00
2018-41,-1,0.350,6.00,0.000,-0.0150,43.379,0.350,0.350,5.50,6.00
2018-42,-1,0.250,3.50,0.050,0.0000,19.717,0.250,0.250,3.50,3.50
2018-43,-1,0.350,5.50,0.050,-0.0300,7.647,0.350,0.850,3.50,5.50
2018-44,1,0.450,5.50,-0.050,0.0000,53.212,0.450,0.500,5.50,6.00
2018-45,-1,0.950,3.00,-0.050,-0.0300,27.690,0.850,1.000,3.00,3.50
2018-46,-1,0.350,5.50,0.000,0.0000,25.622,0.350,0.450,5.00,5.50
2018-47,-1,0.850,4.50,0.100,-0.0300,22.319,0.400,1.000,1.50,6.00
2018-48,1,0.550,5.00,0.000,0.0000,84.601,0.550,0.550,5.00,5.00
2018-49,1,0.500,2.00,0.050,0.0300,5.693,0.050,0.500,2.00,7.50
2018-50,1,0.450,3.00,0.000,0.0000,12.021,0.250,0.500,3.00,4.50
2018-51,-1,0.450,4.00,0.050,0.0150,17.723,0.300,0.600,3.50,5.00
2018-52,1,0.200,3.50,0.350,0.0150,8.062,0.200,1.000,1.00,5.00
2018-53,-1,0.200,2.50,0.100,-0.0150,4.969,0.050,0.700,1.50,3.50
2018-54,-1,0.650,1.50,0.000,0.0150,21.807,0.400,0.750,1.50,2.00
2018-55,1,0.300,6.50,-0.100,0.0000,20.330,0.300,0.850,2.00,7.50
2018-56,-1,1.000,0.50,0.000,0.0150,0.124,0.000,1.000,0.00,10.00
2018-57,1,0.700,1.50,0.000,0.0300,3.752,0.300,1.000,1.00,4.00
2018-58,1,0.400,5.00,-0.050,0.0000,39.863,0.400,0.450,4.50,5.50
2018-59,-1,0.400,3.50,0.000,0.0000,41.403,0.400,0.450,3.50,4.00
2018-60,-1,0.550,2.50,0.000,0.0150,6.098,0.550,1.000,1.00,3.00
2018-61,1,0.450,5.00,0.000,0.0000,43.678,0.400,0.500,4.50,5.00
2018-62,-1,0.400,5.00,0.000,0.0000,45.111,0.400,0.450,4.50,5.00
2018-63,-1,0.300,2.00,-0.150,-0.0150,2.612,0.300,0.550,1.50,2.50
2018-64,1,0.950,5.00,0.100,0.0150,116.403,0.900,1.000,4.50,6.00
2018-65,1,0.450,6.00,0.000,0.0000,43.592,0.450,0.450,5.50,6.00
2018-66,-1,0.650,4.00,-0.050,0.0150,29.703,0.450,0.700,4.00,4.50
2018-67,1,0.450,5.50,-0.050,0.0150,31.038,0.400,0.450,4.00,5.50
2018-68,-1,0.350,6.50,0.000,0.0000,48.349,0.350,0.400,6.00,6.50
2018-69,-1,0.500,3.00,0.000,0.0000,11.300,0.450,0.550,2.50,3.50
2018-70,1,0.800,4.50,0.000,0.0000,34.609,0.650,0.800,4.50,4.50
2018-71,1,0.250,3.00,0.350,0.0150,29.162,0.250,0.250,3.00,7.50
2018-72,1,0.700,2.00,0.000,0.0000,16.765,0.650,1.000,2.00,2.50
2018-73,-1,0.250,4.50,-0.200,0.0000,20.090,0.200,0.400,4.00,4.50
2018-74,1,0.700,8.00,0.100,0.0150,14.712,0.700,0.700,7.00,8.00
2018-75,-1,0.250,5.50,-0.050,0.0300,17.962,0.200,0.350,1.50,6.00
2018-76,1,0.400,4.50,-0.050,0.0000,53.100,0.350,0.450,4.00,4.50
2018-77,-1,1.000,5.50,-0.050,0.0150,54.444,1.000,1.000,5.50,5.50
2018-78,-1,0.850,2.50,0.000,-0.0300,11.891,0.600,0.950,1.50,3.00
2018-79,-1,0.400,7.50,-0.050,-0.0300,25.179,0.400,0.450,6.00,7.50
2018-80,-1,0.750,2.00,-0.050,0.0000,9.897,0.750,0.750,2.00,2.00
2018-81,1,0.950,1.50,-0.050,0.0150,41.632,0.900,0.950,1.50,1.50
2018-82,1,0.850,2.00,-0.050,0.0000,29.611,0.350,0.850,2.00,4.50
2018-83,-1,1.000,2.50,-0.300,-0.0300,7.170,0.550,1.000,2.50,3.50
2018-84,-1,0.300,4.50,0.000,0.0000,18.693,0.250,0.300,4.00,6.00
2018-85,-1,0.300,3.50,0.000,0.0000,26.225,0.300,0.450,3.00,3.50
2018may-1,-1,0.600,2.50,-0.050,-0.0300,8.177,0.500,0.600,2.50,3.00
2018may-2,1,0.450,6.00,0.050,-0.0150,43.544,0.450,0.450,6.00,6.00
2018may-3,1,0.400,6.00,0.000,-0.0150,63.005,0.400,0.400,5.50,6.00
2018may-4,1,0.400,5.50,0.050,0.0300,17.287,0.350,0.400,4.50,6.50
2018may-5,-1,0.500,5.50,0.000,0.0000,39.030,0.500,0.500,5.50,5.50
2018may-6,1,0.950,6.00,0.050,0.0150,130.256,0.900,1.000,5.50,6.00
2018may-7,1,0.450,6.50,0.000,0.0000,71.126,0.450,0.450,6.50,7.00
2018may-8,1,0.250,9.50,-0.100,-0.0150,19.502,0.250,0.250,8.50,10.00
2018may-9,1,0.400,1.00,-0.200,0.0300,1.394,0.000,1.000,0.00,10.00
2018may-10,1,1.000,2.00,0.000,-0.0300,13.472,0.750,1.000,2.00,2.00
2018may-11,1,0.350,2.50,-0.100,0.0300,7.023,0.050,0.850,1.00,7.00
2018may-12,1,0.550,5.50,0.500,-0.0300,17.522,0.500,0.600,5.00,5.50
2018may-13,-1,0.750,7.00,0.250,0.0300,38.821,0.650,0.800,7.00,7.50
2018may-14,1,0.350,4.00,-0.300,-0.0300,23.789,0.350,0.350,4.00,4.00
2018may-15,-1,0.300,4.00,-0.050,-0.0300,9.274,0.150,0.550,2.50,9.50
2018may-16,-1,0.300,3.50,0.450,-0.0300,12.698,0.300,0.300,3.50,3.50
2018may-17,-1,0.600,3.50,-0.250,-0.0300,20.439,0.500,0.650,3.50,4.00
2018may-18,1,0.850,4.00,0.000,-0.0150,5.734,0.750,0.900,3.00,4.00
2018may-19,-1,1.000,2.00,0.400,0.0150,16.356,0.900,1.000,2.00,4.00
2018may-20,1,0.500,4.00,0.400,-0.0150,7.672,0.300,0.950,2.00,4.50
2018may-21,1,0.500,5.50,0.100,0.0150,81.960,0.500,0.550,5.50,5.50
2018may-22,1,0.450,4.50,-0.050,0.0300,20.251,0.200,0.900,4.00,6.00
2018may-23,1,0.900,6.00,-0.600,-0.0300,21.596,0.900,0.900,6.00,6.50
2018may-24,-1,0.700,2.00,0.350,0.0300,26.763,0.700,0.700,2.00,2.00
2018may-25,-1,0.450,5.00,-0.150,-0.0300,13.519,0.200,1.000,1.00,6.50
2018may-26,1,0.650,4.50,0.450,-0.0300,14.633,0.650,0.800,2.00,4.50
2018may-27,1,0.100,10.00,-0.550,0.0000,2.436,0.050,1.000,0.50,10.00
2018may-28,-1,0.400,7.00,0.200,-0.0300,17.140,0.400,1.000,4.50,7.00
2018may-29,-1,0.400,9.00,0.600,-0.0150,18.059,0.400,0.450,8.50,9.00
2018may-30,1,0.300,3.50,-0.050,0.0150,7.333,0.300,1.000,1.50,4.00
2018may-31,-1,0.400,1.00,-0.100,0.0300,19.236,0.400,0.950,1.00,2.00
2018may-32,1,0.450,4.50,0.600,-0.0300,23.627,0.450,0.900,2.50,6.00
2018may-33,-1,0.850,5.00,0.200,-0.0300,40.530,0.850,1.000,4.00,5.00
2018may-34,1,0.900,5.00,0.500,0.0300,33.880,0.850,1.000,4.50,5.00
2018may-35,-1,0.200,4.00,-0.450,0.0000,4.759,0.150,0.600,1.50,6.00
2018may-36,-1,0.650,2.50,0.600,-0.0300,6.125,0.300,0.850,1.00,2.50
2018may-37,1,0.300,2.50,-0.100,-0.0300,21.524,0.300,0.300,2.50,2.50
2018may-38,1,0.950,3.00,0.200,0.0150,25.161,0.950,0.950,2.50,5.50
2018may-39,1,0.650,5.00,0.350,-0.0300,25.055,0.650,0.800,3.00,5.00
2018may-40,1,0.450,8.00,0.450,-0.0300,26.981,0.450,1.000,6.50,8.00
2018may-41,-1,0.700,3.00,0.050,0.0300,9.000,0.650,0.750,0.50,3.00
2018may-42,-1,0.150,5.00,0.100,0.0150,17.125,0.150,0.600,3.00,5.50
2018may-43,1,0.700,5.00,-0.150,0.0000,20.070,0.700,0.700,5.00,5.00
2018may-44,1,0.300,5.50,0.000,-0.0300,23.712,0.300,0.500,4.00,5.50
2018may-45,-1,0.150,3.50,-0.500,0.0300,9.789,0.150,0.200,2.00,3.50
2018may-46,-1,0.300,6.00,-0.500,0.0000,11.289,0.300,0.300,6.00,6.00
2018may-47,1,1.000,2.00,-0.350,-0.0300,20.274,1.000,1.000,2.00,2.00
2018may-48,1,0.200,7.00,0.250,0.0000,6.266,0.150,0.200,6.00,8.50
2018may-49,-1,0.600,4.50,0.150,-0.0300,22.224,0.600,0.750,4.00,4.50
2018may-50,1,0.350,7.00,0.000,-0.0300,16.489,0.350,0.350,7.00,7.00
2018may-51,-1,0.600,5.50,-0.350,-0.0300,8.263,0.450,0.600,5.50,6.50
2018may-52,1,0.700,2.00,-0.300,0.0150,26.848,0.400,0.850,1.50,5.50
2018may-53,-1,0.900,3.50,-0.450,-0.0300,19.943,0.650,1.000,3.00,3.50
2018may-54,-1,0.450,5.50,0.400,0.0300,9.720,0.150,0.600,5.00,7.00
2018may-55,-1,0.450,2.00,0.600,0.0150,12.385,0.450,0.450,2.00,2.00
2018may-56,-1,0.150,3.50,-0.600,-0.0300,5.916,0.050,0.950,1.50,6.50
2018may-57,1,0.900,6.50,-0.450,0.0150,31.323,0.900,1.000,5.50,6.50
2018may-58,1,0.750,2.00,0.500,0.0150,12.574,0.700,0.750,2.00,2.00
2018may-59,1,0.350,5.00,0.400,0.0150,8.586,0.300,0.700,5.00,7.50
2018may-60,-1,0.300,6.50,-0.100,-0.0150,26.201,0.300,0.300,6.50,7.00
2018may-61,1,0.750,2.50,0.400,-0.0300,10.579,0.700,1.000,1.50,4.50
2018may-62,1,0.450,5.50,-0.200,0.0150,13.877,0.450,0.450,5.00,5.50
2018may-63,-1,0.100,6.00,0.400,-0.0150,13.007,0.050,0.100,5.50,10.00
2018may-64,-1,0.400,5.50,0.500,0.0300,17.914,0.400,0.450,5.00,6.00
2018may-65,1,1.000,2.00,0.400,0.0300,13.631,0.750,1.000,2.00,2.00
2018may-66,-1,0.850,1.50,-0.200,-0.0150,16.911,0.850,0.850,1.50,1.50
2018may-67,1,0.800,4.50,-0.100,-0.0300,31.095,0.650,0.800,4.50,5.00
2018may-68,1,0.600,4.00,0.000,0.0150,23.956,0.600,0.750,3.50,4.00
2018may-69,-1,0.400,3.00,0.050,-0.0150,12.520,0.300,0.900,2.50,5.00
2018may-70,1,1.000,5.50,-0.500,0.0150,15.673,0.300,1.000,5.50,10.00
2018may-71,-1,0.450,3.50,-0.350,-0.0300,16.680,0.350,0.450,3.50,3.50
2018may-72,-1,0.400,5.00,-0.050,-0.0150,29.329,0.400,0.400,5.00,5.50
2018may-73,-1,0.550,4.00,-0.150,-0.0300,19.268,0.550,0.550,4.00,4.00
2018may-74,-1,0.700,1.50,0.000,0.0000,16.105,0.650,0.700,1.50,2.00
2018may-75,1,0.300,7.50,0.050,-0.0150,12.009,0.300,0.300,6.50,8.00
2018may-76,-1,0.900,3.50,0.200,0.0300,17.537,0.650,1.000,3.50,4.50
2018may-77,1,0.400,5.00,-0.050,-0.0300,62.909,0.400,0.400,5.00,5.50
2018may-78,1,0.750,2.00,0.200,0.0000,1.791,0.000,1.000,0.00,10.00
2018may-79,-1,0.250,3.00,-0.100,-0.0300,21.612,0.250,0.250,3.00,3.00
2018may-80,-1,0.200,3.50,-0.200,-0.0300,13.487,0.200,0.200,3.50,4.50
2018may-81,1,0.850,4.50,0.300,0.0000,32.866,0.850,0.850,4.50,4.50
2018may-82,1,0.950,1.50,0.550,0.0150,7.433,0.250,0.950,1.50,7.00
2018may-83,-1,0.350,3.00,0.500,-0.0300,11.641,0.050,0.350,3.00,6.00
2018may-84,1,0.700,5.00,0.200,0.0000,14.648,0.700,0.750,5.00,5.00
2018may-85,1,0.150,3.00,0.100,-0.0300,10.885,0.150,0.150,1.50,3.00
2018may-86,-1,0.450,5.50,0.300,-0.0300,18.963,0.450,0.500,3.00,6.00
2018may-87,1,0.900,1.50,-0.200,-0.0300,15.953,0.850,0.900,1.50,1.50
2018may-88,1,0.400,6.00,0.000,0.0000,56.335,0.400,0.400,6.00,6.00
2018may-89,1,0.900,3.00,-0.500,-0.0300,10.213,0.600,0.900,3.00,5.00
2018may-90,1,0.950,1.00,-0.400,0.0300,11.312,0.250,0.950,1.00,1.00
2018may-91,1,0.350,5.00,0.050,-0.0300,35.415,0.350,0.400,5.00,5.00
2018may-92,-1,0.250,6.00,0.100,-0.0300,6.037,0.200,0.250,5.50,8.50
2018may-93,-1,0.400,8.00,-0.300,-0.0150,13.818,0.400,0.400,7.50,9.00
2018may-94,1,0.250,5.50,0.000,-0.0300,19.737,0.200,0.250,5.50,5.50
2018may-95,1,0.600,1.00,-0.100,0.0300,12.889,0.250,0.800,1.00,1.00
2018may-96,1,0.450,4.50,0.400,0.0150,24.730,0.450,0.500,4.50,4.50
2018may-97,1,0.250,3.50,-0.600,-0.0150,8.722,0.150,0.250,2.00,3.50
2018may-98,1,0.400,3.50,0.200,-0.0150,19.582,0.300,0.500,3.00,5.50
2018may-99,-1,0.400,6.50,-0.150,-0.0300,39.994,0.400,0.450,5.00,7.00
2018may-100,-1,0.350,8.50,0.100,0.0300,9.099,0.350,0.350,8.50,8.50
2018may-101,1,0.850,2.50,-0.250,-0.0300,12.470,0.800,0.900,2.50,2.50
2018may-102,1,0.850,6.00,0.050,-0.0300,35.623,0.850,0.850,6.00,6.00
2018may-103,1,0.200,8.00,-0.200,-0.0300,17.766,0.200,0.200,8.00,8.00
2018may-104,-1,0.450,3.50,-0.050,-0.0150,34.586,0.450,0.450,3.50,3.50
2018may-105,1,0.350,4.50,-0.050,-0.0150,29.290,0.300,0.450,4.50,5.50
2018may-106,-1,0.500,8.00,0.300,-0.0300,20.240,0.450,0.500,8.00,8.50
2018may-107,-1,0.950,4.00,0.150,0.0000,8.812,0.250,0.950,1.00,4.00
2018may-108,1,0.500,5.50,-0.150,0.0300,19.780,0.350,0.900,2.00,7.00
2018may-109,1,0.450,6.00,0.050,0.0300,59.415,0.450,0.450,6.00,6.00
2018may-110,1,0.350,2.50,-0.050,0.0150,13.464,0.150,0.350,2.50,4.50
2018may-111,-1,0.850,0.50,0.000,0.0300,1.337,0.000,1.000,0.00,10.00
2018may-112,1,0.600,6.50,0.250,-0.0300,35.248,0.600,0.650,5.50,6.50
2018may-113,-1,0.200,5.00,0.400,-0.0300,5.145,0.100,0.600,3.50,7.50
2018may-114,1,0.250,1.00,0.050,-0.0300,9.366,0.250,0.250,1.00,1.00
2018may-115,1,0.550,0.50,0.000,0.0150,3.684,0.200,0.700,0.50,4.00
2018may-116,-1,0.250,4.50,0.400,-0.0300,21.158,0.150,0.350,4.00,9.00
2018may-117,-1,0.650,1.50,0.150,0.0300,11.849,0.500,0.850,1.50,2.00
2018may-118,-1,0.750,4.50,0.000,-0.0300,36.716,0.750,0.750,4.50,4.50
2018may-119,-1,0.550,4.50,0.600,0.0300,12.346,0.500,0.550,4.50,6.00
2018may-120,-1,0.250,7.00,-0.250,0.0000,26.291,0.250,0.250,6.50,9.50
2018may-121,-1,1.000,1.50,-0.300,0.0000,26.936,0.450,1.000,1.50,5.00
2018may-122,1,0.500,4.50,-0.050,-0.0300,34.569,0.500,0.550,4.00,5.00
2018may-123,-1,0.350,8.50,0.050,-0.0150,37.269,0.350,0.400,7.00,8.50
2018may-124,-1,0.050,7.50,-0.500,-0.0150,15.256,0.050,0.150,4.00,7.50
2018may-125,-1,0.450,5.00,-0.300,-0.0150,29.445,0.450,0.450,5.00,5.00
2018may-126,1,0.400,7.00,-0.100,-0.0300,23.606,0.350,0.450,6.50,8.00
2018may-127,-1,0.900,5.50,-0.550,-0.0300,15.154,0.900,0.900,5.50,5.50
2018may-128,-1,0.600,4.00,0.200,-0.0300,20.811,0.500,0.750,3.00,5.50
2018may-129,-1,0.450,6.00,-0.050,-0.0300,26.771,0.400,0.550,5.50,6.50
2018may-130,1,0.150,6.00,0.100,0.0000,14.716,0.150,0.950,1.50,6.00
2018may-131,-1,0.200,7.00,0.450,0.0300,18.623,0.200,0.250,5.50,8.50
2018may-132,1,0.350,4.50,-0.150,-0.0150,13.771,0.250,0.350,4.00,6.50
2018may-133,-1,0.400,6.00,0.000,0.0000,49.500,0.400,0.400,6.00,6.00
2018may-134,-1,0.450,4.50,0.000,-0.0150,13.113,0.400,0.450,4.00,5.50
2018may-135,1,1.000,1.50,0.400,-0.0150,13.364,0.500,1.000,1.00,1.50
2018may-136,1,0.700,4.50,-0.050,0.0000,36.104,0.600,0.700,4.50,5.00
2018may-137,1,0.800,4.50,0.150,0.0000,106.350,0.800,1.000,4.50,4.50
2018may-138,-1,0.700,1.00,-0.150,0.0150,17.116,0.650,0.750,1.00,1.00
2018may-139,1,0.400,3.50,-0.100,-0.0150,20.289,0.400,0.550,3.50,3.50
2018may-140,1,0.450,4.50,0.000,0.0000,51.767,0.450,0.450,4.50,4.50
2018may-141,-1,0.600,6.50,0.150,0.0150,22.606,0.600,0.850,3.00,6.50
2018may-142,1,0.450,7.00,-0.050,-0.0150,32.277,0.450,0.450,6.50,7.00
2018may-143,-1,0.950,5.00,-0.050,-0.0150,11.653,0.900,0.950,4.50,5.00
2018may-144,1,0.300,7.00,0.200,0.0300,21.855,0.300,0.400,6.00,7.00
2018may-145,-1,0.950,2.50,0.050,0.0150,17.262,0.900,1.000,2.00,2.50
2018may-146,-1,0.250,9.00,0.050,-0.0300,14.600,0.250,0.650,5.50,9.00
2018may-147,-1,0.700,1.50,0.050,0.0000,88.831,0.700,0.700,1.50,1.50
2018may-148,-1,0.350,6.50,-0.100,-0.0300,28.410,0.250,0.350,3.50,6.50
2018may-149,1,0.400,5.00,0.250,-0.0300,20.581,0.400,0.400,5.00,5.00
2018may-150,1,0.700,4.00,0.000,-0.0300,17.171,0.700,0.700,4.00,4.50
2018may-151,-1,0.750,1.50,0.300,-0.0300,17.970,0.700,0.750,1.50,1.50
2018may-152,1,0.500,5.00,0.050,-0.0300,38.410,0.500,0.850,2.50,5.00
2018may-153,1,1.000,2.50,-0.050,0.0000,48.848,0.950,1.000,2.00,2.50
2018may-154,-1,0.400,7.50,-0.050,0.0000,34.517,0.350,0.450,6.00,8.00
2018may-155,1,0.350,7.50,0.100,-0.0300,32.912,0.350,0.350,7.50,7.50
2018may-156,1,0.500,5.50,0.000,0.0000,69.608,0.400,0.500,5.50,5.50
2018may-157,-1,0.450,6.00,-0.050,0.0000,47.741,0.450,0.650,5.50,7.00
2018may-158,1,0.400,7.00,0.050,-0.0300,21.966,0.200,0.400,7.00,9.50
2018may-159,1,0.650,2.50,-0.100,-0.0150,3.099,0.050,0.900,0.50,3.00
2018may-160,-1,0.550,2.00,0.050,0.0150,17.911,0.550,0.550,2.00,2.00
2018may-161,1,0.450,3.50,0.000,0.0150,21.412,0.250,0.500,2.50,4.00
2018may-162,1,0.550,6.00,0.050,0.0000,60.003,0.550,0.550,4.00,6.00
2018may-163,-1,0.350,7.00,-0.100,0.0000,43.074,0.350,0.350,6.50,7.50
2018may-164,1,0.750,3.00,0.100,0.0300,28.522,0.750,0.750,3.00,3.00
2018may-165,-1,0.950,1.50,-0.100,0.0000,12.742,0.900,1.000,1.50,1.50
2018may-166,1,0.850,2.00,0.050,0.0300,7.908,0.850,0.900,2.00,2.00
2018may-167,1,0.450,6.50,0.000,0.0150,62.007,0.450,0.450,6.00,6.50
2018may-168,1,0.600,3.00,0.000,0.0000,44.274,0.600,0.600,3.00,3.00
2018may-169,-1,0.850,2.50,0.300,-0.0300,26.865,0.800,1.000,2.00,2.50
2018may-170,1,0.450,6.50,0.050,-0.0300,36.726,0.450,0.450,6.50,7.00
2018may-171,1,0.450,5.50,-0.050,0.0000,59.950,0.400,0.450,5.50,5.50
2018may-172,-1,0.450,5.00,-0.050,0.0150,71.965,0.450,0.450,5.00,5.00
2018may-173,-1,0.450,1.50,-0.200,0.0300,12.185,0.200,0.500,1.50,9.50
2018may-174,-1,0.600,2.50,-0.100,0.0150,18.279,0.600,0.600,2.50,2.50
2018may-175,1,0.300,2.00,0.200,-0.0300,14.582,0.300,0.300,2.00,2.00
2018may-176,1,0.250,10.00,0.550,0.0300,10.253,0.250,0.300,8.00,10.00
2018may-177,-1,0.750,1.50,-0.050,0.0300,30.561,0.700,0.800,1.50,1.50
2018may-178,1,0.400,6.00,0.050,0.0000,28.113,0.300,0.400,6.00,7.00
2018may-179,-1,1.000,3.50,-0.200,0.0300,10.696,0.800,1.000,2.00,3.50
2018may-180,1,0.300,4.00,0.050,0.0150,17.259,0.300,0.400,3.50,4.00
2018may-181,-1,0.300,8.50,-0.150,0.0300,14.569,0.300,0.300,8.00,8.50
2018may-182,1,0.650,0.50,0.500,0.0300,20.214,0.650,0.650,0.50,0.50
2018may-183,-1,0.500,4.00,0.000,0.0000,34.309,0.500,0.500,4.00,4.00
2018may-184,-1,0.750,4.00,0.050,-0.0300,28.101,0.350,0.800,4.00,6.50
2018may-185,-1,0.500,6.00,-0.050,0.0150,75.024,0.500,0.500,6.00,6.00
2018may-186,1,0.400,6.00,0.000,-0.0150,21.323,0.350,0.400,6.00,6.50
2018may-187,1,0.400,6.50,-0.050,0.0150,41.082,0.400,0.400,6.50,7.00
2018may-188,-1,0.450,5.50,0.000,0.0000,45.696,0.450,0.450,5.50,5.50
2018may-189,1,0.450,6.50,0.000,-0.0150,52.339,0.450,0.450,6.50,7.00
2018may-190,1,0.100,4.50,0.100,0.0000,5.557,0.100,0.550,1.00,5.00
2018may-191,-1,0.600,6.00,0.050,0.0300,45.759,0.600,0.600,6.00,6.00
2018may-192,1,0.350,3.00,0.200,0.0150,4.263,0.050,1.000,0.50,5.50
2018may-193,1,1.000,3.00,-0.050,-0.0300,29.720,1.000,1.000,3.00,3.00
2018may-194,1,0.450,8.00,0.000,0.0000,32.090,0.450,0.450,8.00,8.00
2018may-195,-1,0.550,3.00,0.350,0.0300,31.094,0.550,0.550,2.50,3.00
2018may-196,-1,0.650,5.50,0.000,-0.0150,47.290,0.550,0.650,5.50,6.00
2018may-197,-1,0.450,5.00,0.000,0.0000,63.919,0.450,0.550,4.50,5.00
2018may-198,1,0.400,6.50,0.000,-0.0150,33.950,0.350,0.450,6.00,7.00
2018may-199,-1,0.750,1.00,0.050,0.0000,6.707,0.600,1.000,1.00,1.00
2018may-200,-1,0.550,4.50,0.400,0.0300,13.542,0.500,0.550,4.50,4.50
2018may-201,1,0.450,6.50,-0.100,0.0000,59.253,0.450,0.650,5.50,6.50
2018may-202,-1,0.450,2.50,0.000,0.0000,7.137,0.400,0.450,2.50,3.00
2018may-203,1,0.200,2.50,0.050,0.0000,12.008,0.050,0.250,2.50,4.50
2018may-204,1,0.350,6.50,-0.100,0.0150,24.232,0.350,0.450,5.00,6.50
2018may-205,-1,0.800,0.50,0.100,0.0300,2.262,0.050,0.850,0.50,6.00
2018may-206,1,1.000,2.50,0.150,0.0300,56.884,0.900,1.000,2.50,2.50
2018may-207,1,0.800,3.50,0.050,-0.0150,51.612,0.800,0.800,3.50,3.50
2018may-208,1,0.500,5.50,0.000,0.0150,59.826,0.450,0.500,5.50,6.00
2018may-209,1,0.150,5.00,-0.600,-0.0300,2.587,0.050,0.400,1.00,10.00
2018may-210,1,0.300,6.50,0.050,-0.0150,17.767,0.300,0.300,6.00,7.00
2018may-211,-1,0.700,3.00,0.000,0.0150,24.569,0.600,1.000,3.00,3.00
2018may-212,1,0.350,5.50,-0.400,0.0150,24.836,0.350,0.350,5.50,6.00
2018may-213,-1,1.000,8.00,-0.050,-0.0150,40.548,0.900,1.000,6.00,8.50
2018may-214,1,0.300,8.00,0.200,-0.0300,32.545,0.300,0.300,8.00,8.50
2018may-215,-1,0.450,6.50,-0.050,0.0150,53.707,0.450,0.550,6.00,6.50
2018may-216,1,0.550,5.00,0.050,0.0150,45.615,0.500,0.550,5.00,5.50
2018may-217,1,0.400,6.50,0.000,0.0000,40.910,0.400,0.500,5.50,6.50
2018may-218,-1,1.000,3.00,-0.150,-0.0300,39.944,0.700,1.000,2.50,4.50
2018may-219,1,0.500,5.50,0.400,0.0300,55.705,0.500,0.550,5.00,5.50
2018may-220,1,0.500,5.50,-0.400,0.0300,17.874,0.150,0.550,2.50,9.00
2018may-221,1,0.250,4.50,0.250,0.0300,9.882,0.250,0.700,1.00,4.50
2018may-222,1,0.100,9.50,0.000,-0.0300,5.073,0.050,0.800,2.00,10.00
2018may-223,1,0.300,8.00,0.150,-0.0150,12.467,0.250,0.300,8.00,9.50
2018may-224,-1,0.800,2.00,0.050,-0.0150,14.139,0.800,0.800,2.00,2.00
2018may-225,-1,0.750,1.00,0.350,-0.0300,6.572,0.350,0.800,1.00,2.00
2018may-226,-1,0.850,3.00,0.100,0.0300,68.433,0.650,0.850,3.00,4.00
2018may-227,-1,0.350,8.00,0.600,0.0300,11.430,0.350,0.350,8.00,10.00
2018may-228,1,0.300,5.50,0.000,-0.0300,7.336,0.300,0.550,2.50,5.50
2018may-229,-1,0.300,7.00,-0.300,-0.0150,24.524,0.250,0.400,7.00,7.50
2018may-230,-1,0.400,5.00,0.000,0.0300,48.187,0.400,0.400,5.00,5.00
2018may-231,-1,0.050,10.00,-0.350,0.0300,13.734,0.050,0.200,4.50,10.00
2018may-232,-1,0.400,2.00,-0.300,0.0150,9.200,0.050,1.000,1.00,2.50
2018may-233,-1,0.150,5.00,0.050,-0.0300,8.042,0.150,0.200,4.00,5.00
2018may-234,1,0.350,4.00,0.300,0.0300,20.854,0.350,0.700,4.00,8.00
2018may-235,-1,0.250,0.50,0.250,0.0000,1.663,0.000,1.000,0.00,10.00
2018may-236,-1,0.900,1.50,-0.250,-0.0150,7.922,0.350,0.950,1.00,1.50
2018may-237,1,0.100,0.50,0.000,0.0000,7.027,0.050,1.000,0.50,8.00
2018may-238,-1,1.000,1.00,0.350,0.0300,8.396,0.900,1.000,1.00,1.00
2018may-239,1,0.650,1.50,-0.150,0.0300,38.375,0.400,0.650,1.50,2.00
2018may-240,-1,0.250,9.50,0.150,-0.0300,27.953,0.250,0.800,5.00,9.50
2018may-241,1,0.450,1.50,-0.550,0.0300,5.613,0.200,0.800,1.00,2.00
2018may-242,1,0.550,6.00,0.050,-0.0300,36.003,0.500,0.550,6.00,6.00
2018may-243,1,0.400,5.00,-0.050,-0.0300,30.224,0.350,0.400,5.00,5.50
2018may-244,1,0.900,4.00,0.250,-0.0150,6.726,0.500,0.900,3.00,4.00
2018may-245,-1,0.450,2.50,0.450,-0.0150,19.189,0.450,0.900,2.50,3.00
2018may-246,1,0.650,4.00,-0.350,0.0300,12.726,0.650,0.850,3.50,4.00
2018may-247,1,0.950,5.00,-0.050,0.0000,23.082,0.950,0.950,5.00,5.00
2018may-248,-1,0.900,9.50,-0.450,0.0300,17.865,0.300,0.900,9.00,10.00
2018may-249,1,0.350,5.00,0.100,0.0000,28.449,0.350,0.450,3.00,5.00
2018may-250,1,0.450,4.50,-0.050,-0.0300,34.020,0.350,0.800,1.50,5.00
2018may-251,1,0.400,5.00,0.100,0.0000,11.773,0.400,0.650,4.50,5.50
2018may-252,-1,0.650,6.00,-0.500,-0.0300,27.166,0.600,0.650,6.00,6.00
2018may-253,-1,0.600,4.00,0.600,-0.0150,13.106,0.400,0.900,4.00,5.00
2018may-254,-1,0.650,4.50,-0.600,-0.0300,12.450,0.450,0.650,3.50,4.50
2018may-255,1,1.000,2.00,0.000,-0.0300,16.045,0.900,1.000,2.00,2.50
2018may-256,1,0.350,2.50,0.400,-0.0150,26.543,0.350,0.350,2.50,2.50
2018may-257,-1,0.750,1.00,0.100,0.0300,12.059,0.750,0.800,1.00,1.00
2018may-258,-1,0.300,6.00,-0.050,0.0300,25.150,0.300,0.300,6.00,6.00
2018may-259,-1,0.450,2.00,-0.100,0.0000,17.050,0.400,0.700,1.00,2.50
2018may-260,1,0.550,6.00,-0.200,0.0150,44.076,0.450,0.600,6.00,6.50
2018may-261,-1,0.650,1.50,-0.250,-0.0300,3.370,0.250,0.750,1.00,2.00
2018may-262,-1,0.600,2.50,-0.200,0.0000,10.397,0.300,0.650,2.50,3.50
2018may-263,1,0.750,3.50,-0.350,-0.0300,11.061,0.750,0.750,3.50,3.50
2018may-264,1,0.250,9.50,0.100,0.0300,6.754,0.250,0.950,0.50,10.00
2018may-265,-1,0.250,8.00,0.250,-0.0300,5.059,0.100,0.300,6.00,10.00
2018may-266,1,0.350,5.50,-0.300,-0.0150,42.842,0.350,0.350,5.50,5.50
2018may-267,-1,0.700,7.50,-0.100,-0.0300,17.959,0.650,0.700,7.00,8.00
2018may-268,-1,0.900,2.50,-0.200,-0.0300,19.909,0.500,0.900,2.00,3.00
2018may-269,1,0.650,4.50,0.050,-0.0150,38.205,0.450,0.950,3.00,5.50
2018may-270,-1,0.600,4.50,-0.150,-0.0300,31.524,0.300,0.600,4.50,5.50
2018may-271,1,0.550,5.50,0.000,-0.0300,35.681,0.450,0.550,5.50,6.50
2018may-272,-1,0.350,2.50,-0.450,-0.0150,8.393,0.300,0.350,2.50,3.50
2018may-273,1,0.700,8.50,-0.050,-0.0300,20.671,0.650,0.700,8.50,9.50
2018may-274,-1,0.800,4.00,-0.200,-0.0300,14.702,0.800,0.850,3.50,4.00
2018may-275,1,0.900,4.50,0.400,0.0150,28.609,0.900,0.900,4.50,4.50
2018may-276,-1,1.000,1.50,-0.050,-0.0300,13.629,1.000,1.000,1.00,1.50
2018may-277,-1,0.750,2.50,0.150,0.0150,8.777,0.050,0.950,2.00,4.50
2018may-278,-1,0.650,6.00,0.200,-0.0300,19.931,0.600,0.650,6.00,6.50
2018may-279,-1,0.650,2.50,-0.500,-0.0300,17.893,0.300,0.900,1.50,10.00
2018may-280,1,0.950,4.50,0.000,0.0000,56.946,0.950,0.950,4.50,4.50
2018may-281,-1,0.400,6.00,-0.050,-0.0150,45.074,0.400,0.400,6.00,6.00
2018may-282,-1,0.400,6.00,0.000,0.0000,79.756,0.400,0.450,5.50,6.00
2018may-283,1,0.450,5.50,0.000,0.0000,48.363,0.400,0.500,5.00,6.00
2018may-284,1,0.200,10.00,-0.550,0.0300,15.590,0.200,0.250,7.50,10.00
2018may-285,-1,0.750,7.00,0.200,-0.0150,18.618,0.750,0.800,5.00,7.00
2018may-286,1,1.000,6.50,0.100,0.0300,117.173,1.000,1.000,6.50,7.00
2018may-287,-1,0.050,8.50,0.500,0.0000,5.566,0.050,0.200,1.00,8.50
2018may-288,-1,0.850,4.00,-0.150,-0.0150,23.719,0.850,0.850,4.00,4.00
2018may-289,1,0.650,2.50,-0.050,-0.0150,33.069,0.650,0.650,2.50,2.50
2018may-290,1,0.700,3.50,-0.150,0.0300,19.578,0.600,0.800,3.00,4.50
2018may-291,-1,0.150,7.00,-0.350,-0.0300,14.604,0.100,0.150,6.50,10.00
2018may-292,-1,0.050,4.50,0.550,-0.0150,15.176,0.050,0.050,4.50,5.50
2018may-293,1,0.750,2.50,0.150,-0.0300,14.747,0.550,0.800,2.50,3.00
2018may-294,1,0.300,5.50,-0.050,-0.0300,34.816,0.300,0.300,5.50,5.50
2018may-295,-1,0.450,6.50,0.000,0.0000,36.828,0.450,0.450,6.50,7.00
2018may-296,1,0.450,2.50,0.250,-0.0150,14.693,0.350,0.450,2.50,3.00
2018may-297,1,0.750,2.00,-0.550,-0.0300,15.545,0.750,0.950,1.50,2.00
2018may-298,-1,0.750,1.50,-0.050,-0.0300,44.234,0.750,0.750,1.50,1.50
2018may-299,1,0.600,4.00,0.050,0.0150,31.147,0.600,0.900,1.50,4.00
2018may-300,1,0.150,7.50,-0.200,-0.0300,8.402,0.150,0.350,5.50,8.00
2018may-301,1,0.700,3.00,0.000,0.0000,26.812,0.700,0.700,3.00,3.00
2018may-302,1,0.450,6.00,-0.050,-0.0300,24.050,0.450,0.450,6.00,6.50
2018may-303,1,0.900,3.50,0.350,-0.0300,15.532,0.850,1.000,2.00,3.50
2018may-304,-1,0.400,6.00,0.000,-0.0300,56.794,0.400,0.400,6.00,6.00
2018may-305,1,0.450,5.00,0.050,0.0150,103.923,0.450,0.450,5.00,5.00
2018may-306,1,0.500,5.50,0.250,-0.0300,22.112,0.500,1.000,3.50,5.50
2018may-307,-1,0.500,5.50,0.200,0.0150,43.591,0.450,0.500,5.50,6.00
2018may-308,-1,0.450,6.50,0.100,-0.0150,34.288,0.450,0.450,6.00,6.50
2018may-309,1,0.850,4.50,0.050,0.0000,63.415,0.850,1.000,4.50,5.00
2018may-310,1,0.500,2.00,0.000,-0.0150,14.391,0.450,0.500,2.00,2.00
2018may-311,1,1.000,1.00,0.250,-0.0300,10.336,0.600,1.000,1.00,6.50
2018may-312,-1,0.400,4.50,-0.100,0.0150,36.224,0.400,0.500,4.50,4.50
2018may-313,1,0.550,5.50,0.000,-0.0300,23.328,0.550,0.550,5.50,5.50
2018may-314,1,0.750,3.00,-0.250,0.0000,19.803,0.750,0.750,3.00,3.00
2018may-315,1,0.750,5.00,0.000,0.0150,56.440,0.750,0.750,5.00,5.00
2018may-316,-1,0.650,8.50,0.150,0.0300,35.801,0.650,0.650,8.00,9.00
2018may-317,-1,0.500,4.50,0.200,0.0000,65.005,0.500,0.500,4.50,4.50
2018may-318,-1,0.600,5.00,0.050,0.0300,61.754,0.600,0.600,5.00,5.00
2018may-319,1,0.850,2.00,0.150,0.0300,6.601,0.850,1.000,1.50,2.00
2018may-320,-1,0.450,5.50,0.100,-0.0150,45.504,0.400,0.450,5.50,6.00
2018may-321,-1,0.350,5.00,0.100,0.0300,39.738,0.350,0.700,4.00,5.00
2018may-322,-1,0.700,4.00,0.050,-0.0300,47.264,0.700,0.800,3.00,4.00
2018may-323,1,0.250,2.50,0.350,-0.0150,10.625,0.250,0.250,2.50,2.50
2018may-324,-1,0.400,5.50,-0.250,-0.0300,24.418,0.400,0.450,3.50,5.50
2018may-325,-1,0.450,7.50,0.000,0.0150,72.628,0.450,0.550,6.50,7.50
2018may-326,1,0.650,1.00,0.250,-0.0300,17.486,0.600,0.700,1.00,1.00
2018may-327,-1,0.450,9.00,-0.300,-0.0300,45.439,0.450,0.450,8.50,9.00
2018may-328,-1,0.900,3.00,-0.200,-0.0300,15.422,0.450,0.900,3.00,4.00
2018may-329,1,0.400,6.00,0.100,0.0150,31.543,0.400,0.400,6.00,6.50
2018may-330,-1,0.400,6.00,-0.100,0.0150,24.278,0.400,0.450,5.50,7.00
2018may-331,-1,0.950,0.50,-0.050,0.0150,14.018,0.700,1.000,0.50,0.50
2018may-332,1,0.500,2.50,0.050,-0.0150,16.467,0.500,0.500,2.50,2.50
2018may-333,1,0.650,5.00,0.150,0.0300,32.483,0.450,0.950,4.00,5.50
2018may-334,-1,0.450,3.50,0.000,0.0150,40.302,0.400,0.450,3.50,4.00
2018may-335,-1,0.300,3.00,-0.050,0.0000,94.747,0.300,0.300,3.00,3.00
2018may-336,-1,0.650,4.50,0.000,0.0000,33.864,0.550,0.650,4.50,5.50
2018may-337,1,0.900,6.00,0.100,-0.0150,31.208,0.900,0.900,5.50,6.00
2018may-338,1,0.400,6.50,0.000,0.0150,20.001,0.350,0.400,5.00,6.50
2018may-339,1,0.450,6.50,0.050,0.0000,76.964,0.450,0.450,6.50,6.50
2018may-340,1,0.550,5.50,0.100,0.0300,48.205,0.550,0.550,5.50,5.50
2018may-341,1,0.300,3.00,0.150,0.0000,15.276,0.250,0.550,2.00,3.50
2018may-342,-1,0.050,1.50,-0.200,-0.0300,3.036,0.050,1.000,0.50,1.50
2018may-343,-1,0.350,4.50,0.000,0.0000,37.390,0.350,0.500,4.00,4.50
2018may-344,1,0.650,4.00,0.000,-0.0150,37.890,0.650,0.700,4.00,4.50
2018may-345,1,0.550,5.00,0.000,0.0150,53.214,0.550,0.550,5.00,5.00
2018may-346,-1,0.550,6.50,0.100,0.0300,41.687,0.500,0.550,5.50,6.50
2018may-347,-1,0.150,1.00,0.200,0.0300,16.522,0.150,0.150,1.00,1.00
2018may-348,-1,1.000,4.00,-0.150,-0.0300,54.723,1.000,1.000,4.00,4.00
2018may-349,-1,0.450,5.50,0.150,-0.0300,16.044,0.400,0.500,5.00,6.00
2018may-350,1,0.450,7.00,0.050,-0.0150,44.712,0.450,0.450,7.00,7.00
2018may-351,1,0.500,6.00,0.000,-0.0150,64.750,0.500,0.850,5.50,6.00
2018may-352,1,0.750,2.00,0.150,0.0000,25.628,0.550,0.750,2.00,5.00
2018may-353,-1,0.450,4.50,0.000,0.0000,34.130,0.450,0.450,4.50,5.00
2018may-354,1,0.300,4.50,0.550,-0.0300,7.707,0.200,0.350,3.00,5.50
2018may-355,-1,0.450,5.00,0.000,0.0150,26.223,0.450,0.500,5.00,5.00
2018may-356,1,0.350,4.50,-0.300,-0.0300,31.729,0.350,0.350,4.50,4.50
2018may-357,-1,0.400,6.00,0.000,-0.0150,26.936,0.400,0.400,6.00,6.50
2018may-358,1,0.800,3.50,0.000,0.0000,33.845,0.350,0.800,3.50,6.00
2018may-359,1,0.500,5.50,0.050,0.0150,41.242,0.450,0.500,5.00,5.50
2018may-360,-1,0.350,7.00,0.450,-0.0150,52.149,0.350,0.350,6.50,7.00
2018may-361,-1,0.550,6.00,-0.200,0.0150,34.789,0.450,0.550,5.50,6.50
2018may-362,1,0.550,5.00,-0.100,0.0000,46.661,0.500,0.550,5.00,5.00
2018may-363,-1,0.550,3.50,-0.250,-0.0300,27.305,0.550,0.550,3.50,4.00
2018may-364,-1,1.000,0.50,-0.100,0.0300,22.872,0.350,1.000,0.50,5.00
2018may-365,1,0.500,4.50,0.000,-0.0300,26.750,0.500,0.500,4.50,4.50
2018may-366,1,0.300,2.00,-0.350,-0.0150,54.755,0.300,0.400,2.00,6.50
2018may-367,-1,0.450,5.50,0.050,-0.0150,30.722,0.450,0.500,5.00,5.50
2018may-368,1,0.350,6.00,-0.200,-0.0300,24.788,0.350,0.800,2.00,6.00
2018may-369,-1,0.950,2.50,0.050,0.0150,16.538,0.300,1.000,2.50,4.00
2018may-370,-1,0.250,5.50,0.050,0.0300,16.464,0.250,0.250,5.00,6.00
2018may-371,-1,0.800,5.50,0.050,0.0150,59.412,0.800,0.900,5.50,5.50
2018may-372,1,0.750,5.50,-0.200,0.0300,57.584,0.750,0.800,5.50,5.50
2018may-373,-1,0.450,6.00,0.100,0.0300,54.530,0.400,0.500,5.50,6.50
2018may-374,1,0.400,6.00,0.000,-0.0150,28.606,0.400,0.450,5.50,6.00
2018may-375,-1,0.500,5.50,0.050,-0.0150,75.513,0.500,0.500,5.50,5.50
2018may-376,1,0.400,6.50,0.000,0.0300,33.750,0.400,0.400,6.50,6.50
2018may-377,-1,0.550,5.00,0.000,0.0000,45.547,0.400,0.600,5.00,5.50
2018may-378,-1,0.300,3.00,0.000,0.0000,47.072,0.300,0.300,3.00,3.00
2018may-379,1,0.400,5.00,0.050,0.0150,32.164,0.350,0.400,5.00,5.00
2018may-380,-1,0.500,5.50,0.300,0.0300,25.156,0.450,0.600,5.00,6.00
2018may-381,1,0.550,4.50,0.000,0.0150,59.480,0.550,0.550,4.50,4.50
2018may-382,-1,0.850,1.00,-0.250,0.0300,5.331,0.200,1.000,1.00,1.00
2018may-383,-1,0.400,6.50,0.000,0.0000,67.096,0.400,0.450,5.50,6.50
2018may-384,1,0.500,5.00,0.000,-0.0150,45.508,0.400,0.550,5.00,5.50
2018may-385,1,0.600,5.50,-0.050,0.0300,17.833,0.550,0.600,4.50,5.50
2018may-386,-1,0.750,2.50,0.050,0.0300,38.576,0.550,0.800,2.50,2.50
2018may-387,1,0.400,3.50,0.050,0.0000,39.979,0.350,0.400,2.50,4.50
2018may-388,1,0.300,5.50,0.050,0.0000,39.641,0.300,0.300,5.50,5.50
2018may-389,1,1.000,1.50,0.000,0.0000,11.464,0.900,1.000,1.50,1.50
2018may-390,1,0.500,5.00,-0.050,0.0000,72.044,0.500,0.500,5.00,5.00
2018may-391,1,0.750,5.50,0.000,0.0000,48.443,0.750,0.750,5.50,5.50
2018may-392,1,0.250,5.00,0.250,0.0300,6.359,0.250,0.350,2.50,6.50
2018may-393,-1,0.300,4.00,0.050,0.0000,30.620,0.300,0.300,4.00,4.00
2018may-394,-1,0.350,4.50,-0.050,0.0000,28.631,0.350,0.500,3.50,4.50
2018may-395,1,0.800,3.00,0.000,0.0300,7.506,0.800,1.000,1.50,3.50
sji-1,-1,0.350,7.00,0.000,-0.0150,32.776,0.350,0.350,7.00,7.00
sji-2,-1,0.500,5.00,0.100,-0.0150,72.357,0.500,0.500,5.00,5.00
sji-3,-1,0.250,5.50,0.000,0.0000,40.825,0.250,0.250,5.50,5.50
sji-4,1,0.250,6.00,0.150,-0.0150,33.411,0.250,0.250,6.00,6.00
sji-5,-1,0.600,3.50,0.350,-0.0300,4.905,0.050,0.750,2.50,9.50
sji-6,-1,0.500,6.00,-0.050,-0.0150,22.605,0.350,0.650,4.50,6.50
sji-7,1,0.300,5.50,0.100,-0.0300,21.154,0.300,0.450,5.50,7.00
sji-8,1,0.800,7.50,0.000,-0.0300,22.612,0.700,0.800,7.50,8.00
sji-9,1,0.900,2.50,-0.250,-0.0150,34.691,0.750,1.000,2.50,3.00
sji-10,1,0.500,6.50,-0.200,-0.0300,9.571,0.400,0.500,6.50,7.00
sji-11,1,0.250,10.00,-0.100,0.0300,8.671,0.250,0.250,9.00,10.00
sji-12,1,0.150,3.00,0.200,0.0300,4.012,0.150,0.400,1.50,3.00
sji-13,1,0.550,8.50,-0.100,-0.0300,22.907,0.500,0.550,8.50,8.50
sji-14,1,0.250,8.00,0.350,-0.0150,7.273,0.250,0.500,1.50,9.00
sji-15,1,0.400,6.00,0.500,0.0300,12.264,0.200,0.400,2.50,6.50
sji-16,1,0.400,10.00,0.450,0.0000,13.460,0.350,0.450,6.00,10.00
sji-17,1,0.250,3.50,-0.150,0.0000,9.550,0.200,0.750,2.00,4.00
sji-18,1,0.250,3.00,-0.250,0.0300,10.940,0.150,0.400,2.50,8.50
sji-19,1,0.600,1.50,0.200,-0.0300,12.232,0.400,0.650,1.50,2.00
sji-20,1,0.350,7.00,0.050,-0.0150,40.710,0.350,0.350,7.00,7.00
sji-21,1,0.950,2.00,0.000,0.0300,17.467,0.950,0.950,2.00,2.00
sji-22,1,0.450,4.50,-0.050,-0.0300,35.050,0.450,0.450,4.50,4.50
sji-23,-1,0.550,6.00,0.000,-0.0150,19.351,0.550,0.650,4.50,6.50
sji-24,-1,0.300,2.00,-0.600,-0.0300,3.950,0.250,0.350,1.50,2.50
sji-25,-1,0.450,5.50,0.000,-0.0300,45.830,0.400,0.450,5.50,5.50
sji-26,1,0.600,6.50,-0.100,-0.0300,35.874,0.400,0.650,6.00,7.00
sji-27,-1,0.350,5.50,0.050,0.0000,100.960,0.350,0.450,5.00,5.50
sji-28,-1,0.400,6.00,0.150,-0.0150,50.759,0.350,0.450,5.50,7.00
sji-29,-1,0.550,6.00,0.050,0.0300,14.364,0.300,0.600,3.00,6.00
sji-30,1,0.300,7.00,0.000,0.0000,42.721,0.300,0.300,7.00,7.50
sji-31,1,0.350,7.00,-0.050,-0.0300,50.311,0.350,0.400,4.00,7.00
sji-32,1,0.550,3.00,0.200,-0.0150,22.689,0.500,0.550,3.00,3.00
sji-33,1,0.350,4.50,0.000,0.0150,66.612,0.350,0.350,4.50,4.50
sji-34,-1,0.450,5.00,0.000,0.0000,27.143,0.300,0.500,5.00,6.50
sji-35,1,0.350,5.50,0.000,-0.0300,23.921,0.350,0.350,5.50,5.50
sji-36,-1,0.450,4.50,-0.050,0.0150,58.923,0.450,0.450,4.50,4.50
sji-37,-1,0.450,6.00,0.300,-0.0150,28.717,0.450,0.500,5.00,6.00
sji-38,1,1.000,2.00,0.300,0.0300,10.604,1.000,1.000,2.00,2.00
sji-39,-1,0.150,4.00,0.200,0.0000,15.145,0.150,0.150,4.00,4.50
sji-40,-1,0.400,6.00,-0.050,-0.0300,36.818,0.400,0.400,6.00,6.50
sji-41,-1,0.500,4.00,-0.600,-0.0150,17.255,0.500,0.600,3.50,4.00
sji-42,-1,0.250,8.50,0.600,-0.0300,2.030,0.050,0.300,1.00,9.00
sji-43,1,0.350,6.50,0.000,0.0300,24.307,0.350,0.550,4.00,6.50
sji-44,-1,0.750,5.00,-0.150,0.0000,28.611,0.750,0.750,4.50,5.00
sji-45,1,0.650,2.50,-0.400,-0.0300,6.115,0.650,0.900,2.50,5.00
sji-46,-1,0.800,5.00,0.000,-0.0300,33.587,0.750,0.800,5.00,5.00
sji-47,-1,0.550,1.00,0.350,-0.0300,10.892,0.550,0.600,1.00,1.00
sji-48,-1,0.600,7.50,0.200,0.0000,19.440,0.600,0.650,6.50,8.00
sji-49,-1,0.400,5.00,-0.200,-0.0300,18.613,0.350,0.450,5.00,6.00
sji-50,-1,0.300,5.00,0.600,0.0150,36.133,0.300,0.300,5.00,5.50
sji-51,1,0.550,5.00,-0.050,0.0150,24.019,0.450,0.700,4.00,5.50
sji-52,-1,0.500,5.00,0.100,-0.0300,56.656,0.450,0.500,5.00,5.50
sji-53,-1,0.450,5.50,0.150,0.0000,34.528,0.400,0.600,4.00,5.50
sji-54,-1,0.450,5.00,-0.050,-0.0300,44.931,0.450,0.450,5.00,5.00
sji-55,-1,0.650,3.50,0.100,0.0150,4.354,0.050,0.900,2.50,9.00
sji-56,-1,0.600,5.50,-0.300,-0.0300,24.231,0.600,1.000,3.50,5.50
sji-57,-1,0.400,5.50,0.000,-0.0150,25.930,0.400,0.450,5.00,5.50
sji-58,1,0.650,4.00,-0.050,0.0000,22.837,0.550,0.650,4.00,5.50
sji-59,-1,0.150,8.50,-0.200,-0.0300,22.221,0.150,0.150,7.00,9.00
sji-60,1,0.400,7.00,0.150,0.0150,44.702,0.400,0.500,3.50,7.00
sji-61,1,0.500,5.00,-0.150,0.0150,11.422,0.350,0.550,3.50,6.50
sji-62,-1,0.700,5.50,-0.050,0.0150,83.629,0.650,0.750,3.00,5.50
sji-63,1,0.250,5.50,-0.100,-0.0150,28.575,0.250,0.300,5.00,5.50
sji-64,-1,0.750,3.00,-0.050,-0.0300,31.706,0.750,0.750,3.00,3.00
sji-65,1,0.300,8.00,0.150,0.0000,148.202,0.300,0.300,8.00,8.00
sji-66,-1,0.500,5.50,0.000,0.0000,38.766,0.500,0.500,5.50,5.50
sji-67,-1,0.450,2.50,0.050,0.0000,9.291,0.400,1.000,1.50,5.50
sji-68,1,0.500,3.50,0.000,0.0000,8.572,0.400,0.500,3.00,4.00
sji-69,-1,0.900,1.00,0.200,-0.0300,4.199,0.150,1.000,0.50,5.50
sji-70,1,0.350,6.50,0.100,0.0150,55.797,0.350,0.350,6.50,6.50
sji-71,1,0.450,5.00,-0.050,-0.0150,30.672,0.450,0.450,5.00,5.00
sji-72,-1,0.300,2.50,0.150,0.0000,9.300,0.250,0.700,1.50,6.00
sji-73,-1,0.650,3.00,-0.300,-0.0300,12.990,0.500,0.700,3.00,4.00
sji-74,-1,0.750,3.50,-0.400,0.0000,25.349,0.400,0.750,3.50,4.00
sji-75,1,0.900,2.00,0.100,-0.0300,41.146,0.900,1.000,2.00,6.00
sji-76,-1,0.250,5.50,-0.600,-0.0150,3.395,0.050,0.250,3.00,10.00
sji-77,1,0.850,2.00,-0.550,-0.0300,3.415,0.150,1.000,2.00,5.00
sji-78,-1,0.900,7.50,0.550,-0.0300,7.775,0.350,0.900,2.00,9.00
sji-79,-1,1.000,2.00,0.100,0.0300,24.430,0.600,1.000,1.50,2.00
sji-80,-1,0.600,0.50,0.000,-0.0300,7.059,0.250,0.950,0.50,10.00
sji-81,-1,0.300,2.50,0.550,-0.0150,4.100,0.050,1.000,1.00,5.50
sji-82,1,0.350,3.50,0.250,0.0150,14.017,0.350,0.350,3.50,3.50
sji-83,-1,0.700,9.00,0.150,0.0300,10.265,0.150,1.000,3.50,9.50
sji-84,-1,0.950,3.00,-0.100,-0.0300,22.084,0.950,0.950,3.00,3.00
sji-85,-1,0.450,3.00,0.050,-0.0300,9.371,0.450,0.450,3.00,3.00
sji-86,-1,0.500,5.50,0.050,-0.0150,26.792,0.450,0.550,5.50,6.00
sji-87,1,0.350,6.00,0.050,0.0300,56.144,0.350,0.400,5.50,6.00
sji-88,1,0.500,5.00,-0.150,-0.0300,33.627,0.450,0.550,5.00,5.00
sji-89,-1,0.400,5.50,0.050,0.0300,11.840,0.350,0.400,5.50,7.00
sji-90,1,0.550,4.50,-0.050,-0.0150,18.625,0.350,0.850,3.00,6.50
sji-91,1,0.300,6.50,0.050,0.0300,31.560,0.300,0.300,6.00,6.50
sji-92,1,0.500,7.50,-0.400,0.0300,9.075,0.500,0.500,7.50,7.50
sji-93,-1,0.500,5.00,-0.050,0.0150,51.170,0.450,0.500,5.00,5.50
sji-94,-1,0.450,5.00,-0.100,-0.0300,21.458,0.400,0.450,4.50,6.50
sji-95,-1,0.600,3.00,0.050,-0.0300,24.173,0.550,0.600,3.00,3.50
sji-96,1,0.400,1.00,0.250,-0.0300,7.752,0.400,1.000,1.00,2.00
sji-97,-1,0.950,3.00,0.200,-0.0300,12.630,0.950,0.950,3.00,3.00
sji-98,-1,0.900,1.00,0.050,-0.0300,15.965,0.250,0.950,1.00,3.00
sji-99,-1,0.550,5.50,-0.200,-0.0150,31.290,0.500,0.600,4.50,6.00
sji-100,-1,0.650,3.50,-0.200,-0.0300,28.768,0.650,0.650,3.50,3.50
sji-101,-1,0.950,2.50,-0.400,0.0000,9.820,0.350,1.000,2.50,5.00
sji-102,-1,0.400,6.00,0.150,0.0000,36.301,0.400,0.400,6.00,6.00
sji-103,1,0.650,6.00,0.050,0.0000,97.125,0.650,0.650,6.00,6.00
sji-104,1,0.350,6.00,0.000,-0.0150,35.120,0.250,0.400,5.00,7.50
sji-105,1,0.900,4.00,-0.150,-0.0150,23.838,0.750,1.000,4.00,4.50
sji-106,1,0.500,5.50,0.100,0.0150,93.318,0.400,0.550,5.00,6.00
sji-107,-1,0.400,5.50,0.000,0.0000,52.694,0.400,0.400,5.50,5.50
sji-108,-1,0.300,7.00,0.000,0.0000,46.794,0.300,0.300,7.00,7.00
sji-109,1,0.350,6.00,0.050,0.0300,36.607,0.350,0.350,6.00,6.00
sji-110,1,0.400,6.00,-0.050,0.0000,31.321,0.400,0.400,6.00,7.00
sji-111,-1,0.400,5.00,0.000,-0.0300,18.430,0.400,0.450,5.00,6.00
sji-112,-1,0.350,5.00,0.050,-0.0300,26.075,0.350,0.350,5.00,5.00
sji-113,1,0.500,5.50,0.000,0.0300,27.054,0.400,0.500,5.50,6.50
sji-114,1,0.450,5.00,0.150,-0.0150,22.840,0.300,0.450,5.00,7.50
sji-115,1,0.450,4.00,0.100,-0.0150,32.240,0.400,0.500,3.50,5.00
sji-116,1,0.400,5.50,-0.100,-0.0300,19.004,0.350,0.500,4.00,6.00
sji-117,-1,0.400,5.00,0.000,0.0000,58.135,0.400,0.450,5.00,5.50
sji-118,1,0.400,5.00,0.000,0.0000,84.375,0.400,0.400,5.00,5.00
sji-119,1,0.800,3.50,0.050,-0.0150,40.547,0.800,0.950,3.00,3.50
sji-120,-1,0.950,2.00,0.000,-0.0150,9.310,0.900,1.000,1.00,2.00
sji-121,1,0.100,6.00,-0.500,0.0000,4.858,0.100,0.200,4.00,8.00
sji-122,-1,0.800,1.50,-0.100,-0.0300,11.599,0.750,0.850,1.50,1.50
sji-123,-1,0.750,6.50,-0.400,-0.0300,25.160,0.750,0.950,6.50,6.50
sji-124,-1,0.600,5.50,0.100,-0.0150,22.322,0.550,0.600,5.00,6.50
sji-125,-1,0.450,4.50,0.050,-0.0150,14.166,0.400,0.450,4.50,5.00
sji-126,1,1.000,5.00,0.050,-0.0300,38.600,0.800,1.000,5.00,5.00
sji-127,1,0.650,3.00,-0.100,-0.0300,12.597,0.650,0.700,2.50,3.00
sji-128,-1,0.700,6.00,0.550,0.0300,17.456,0.550,0.700,6.00,8.50
sji-129,-1,0.450,3.50,0.150,0.0300,4.277,0.350,0.450,3.00,9.50
sji-130,-1,0.350,2.50,-0.150,0.0150,11.159,0.350,0.650,1.50,4.50
sji-131,-1,0.700,5.00,0.000,-0.0150,44.402,0.650,0.700,5.00,5.00
sji-132,-1,0.650,5.50,0.000,-0.0300,38.449,0.350,0.650,5.00,7.00
sji-133,1,0.250,6.50,0.000,-0.0150,8.008,0.200,0.400,5.50,7.50
sji-134,-1,0.400,2.00,0.100,-0.0150,27.064,0.350,0.450,2.00,2.50
sji-135,1,0.750,1.00,-0.100,-0.0300,3.890,0.400,1.000,0.50,1.50
sji-136,1,0.450,5.00,0.000,0.0150,28.084,0.400,0.900,2.50,5.50
sji-137,-1,0.550,5.00,-0.050,0.0000,41.820,0.550,0.650,5.00,5.00
sji-138,-1,0.400,4.00,-0.050,-0.0150,33.095,0.400,0.550,3.50,4.50
sji-139,-1,0.450,5.50,0.000,0.0000,85.043,0.450,0.450,5.50,5.50
sji-140,1,0.350,7.00,-0.050,-0.0150,39.854,0.350,0.500,5.50,7.50
sji-141,1,0.600,5.00,0.050,0.0150,47.018,0.300,0.600,4.50,5.50
sji-142,1,0.300,6.00,0.000,0.0300,9.899,0.250,0.300,5.50,7.00
sji-143,-1,0.450,5.00,0.050,0.0000,57.045,0.350,0.450,5.00,5.00
sji-144,-1,0.400,5.00,0.000,0.0000,34.888,0.400,0.450,5.00,5.50
sji-145,1,0.900,4.50,0.000,0.0150,17.217,0.850,1.000,4.00,4.50
sji-146,-1,0.500,6.00,0.000,-0.0150,62.322,0.500,0.500,6.00,6.00
sji-147,1,0.400,5.00,-0.100,0.0150,53.999,0.400,0.400,5.00,5.00
sji-148,1,0.400,5.00,0.100,0.0150,46.739,0.400,0.400,5.00,5.00
sji-149,-1,0.450,5.00,0.050,-0.0150,75.682,0.450,0.450,5.00,5.00
sji-150,-1,0.450,5.00,0.000,0.0300,42.625,0.400,0.450,3.00,5.00
sji-151,-1,0.500,4.50,-0.050,0.0150,29.605,0.500,0.500,4.50,4.50
sji-152,1,0.400,5.00,0.100,0.0000,19.507,0.250,0.400,5.00,7.00
sji-153,1,0.350,5.50,0.050,-0.0150,30.730,0.350,0.350,5.50,5.50
sji-154,-1,0.950,2.00,0.050,0.0150,28.466,0.650,1.000,1.50,2.50
sji-155,1,0.500,6.00,-0.150,-0.0150,35.205,0.450,0.500,4.50,6.50
sji-156,1,0.450,6.50,0.000,0.0000,27.124,0.450,0.500,5.00,7.50
sji-157,1,0.450,5.50,0.050,0.0150,43.288,0.450,0.450,5.50,5.50
sji-158,-1,0.850,5.00,-0.050,0.0000,65.664,0.650,0.850,5.00,5.50
sji-159,-1,0.450,4.50,0.000,0.0000,45.484,0.400,0.450,4.50,6.50
sji-160,1,0.400,6.50,0.000,0.0000,45.202,0.400,0.400,6.50,6.50
sji-161,-1,0.400,6.00,0.000,-0.0150,28.175,0.350,0.400,6.00,6.50
sji-162,1,0.400,5.50,0.100,0.0300,56.250,0.400,0.400,5.50,5.50
sji-163,1,0.800,4.00,0.250,0.0300,12.260,0.800,1.000,2.50,4.50
sji-164,1,0.400,3.50,0.150,0.0000,25.770,0.400,0.400,3.50,3.50
sji-165,-1,0.050,4.50,-0.100,-0.0300,5.537,0.050,0.250,2.50,4.50
sji-166,-1,0.950,1.00,0.150,0.0000,11.039,0.400,1.000,1.00,1.50
sji-167,-1,0.800,2.50,0.300,0.0000,12.591,0.400,0.800,2.50,4.00
sji-168,-1,0.500,4.50,-0.550,0.0300,13.027,0.500,0.500,4.50,4.50
sji-169,-1,0.750,0.50,-0.150,-0.0150,23.201,0.700,0.750,0.50,0.50
sji-170,1,1.000,3.00,0.050,0.0300,13.232,0.900,1.000,3.00,4.00
sji-171,-1,0.200,3.00,-0.350,-0.0150,7.317,0.200,0.200,3.00,3.00
sji-172,-1,0.450,3.50,-0.200,0.0300,17.200,0.300,0.600,3.50,4.00
sji-173,-1,0.300,4.00,-0.150,-0.0300,11.481,0.050,0.350,3.00,10.00
sji-174,-1,0.400,6.00,-0.200,0.0300,34.487,0.200,0.400,6.00,9.00
sji-175,1,0.400,5.50,0.000,0.0000,67.803,0.400,0.450,5.50,6.00
sji-176,-1,0.450,6.00,-0.100,0.0300,42.524,0.450,0.450,6.00,6.50
sji-177,-1,0.600,3.00,-0.400,0.0300,2.172,0.200,1.000,0.50,10.00
sji-178,1,0.150,8.00,-0.400,0.0000,12.770,0.150,0.200,6.50,8.00
sji-179,1,0.900,2.50,-0.050,-0.0150,18.857,0.650,1.000,2.00,2.50
sji-180,-1,0.350,9.50,0.200,-0.0300,7.237,0.250,0.950,1.50,10.00
sji-181,-1,0.400,7.00,-0.100,-0.0150,17.517,0.400,0.450,6.50,7.50
sji-182,1,0.350,6.50,-0.100,0.0150,47.454,0.300,0.350,6.50,6.50
sji-183,-1,0.450,6.00,-0.100,-0.0150,54.111,0.450,0.450,6.00,6.00
sji-184,1,0.450,6.00,0.150,0.0150,53.237,0.450,0.600,5.00,6.00
sji-185,1,0.600,5.50,0.200,-0.0150,14.617,0.400,0.600,5.50,6.50
sji-186,1,0.900,1.50,0.350,-0.0300,12.310,0.900,0.900,1.50,1.50
sji-187,1,0.550,5.50,-0.050,-0.0150,53.553,0.550,0.550,5.50,5.50
sji-188,1,0.450,3.50,-0.150,0.0000,29.206,0.400,0.450,3.50,3.50
sji-189,-1,0.500,8.50,0.100,0.0300,16.331,0.500,0.500,8.50,9.00
sji-190,-1,0.600,5.50,-0.450,0.0150,22.826,0.600,0.600,5.50,6.00
sji-191,1,0.250,7.00,-0.100,0.0150,28.888,0.250,0.400,6.00,7.50
sji-192,1,0.800,5.50,-0.050,0.0300,57.011,0.750,0.800,5.50,6.00
sji-193,-1,0.050,6.00,-0.100,0.0000,0.222,0.000,1.000,0.00,10.00
sji-194,-1,0.500,4.50,0.000,0.0150,25.673,0.450,0.600,4.00,5.50
sji-195,1,0.550,8.00,0.200,0.0150,32.130,0.500,0.600,6.50,8.00
sji-196,-1,0.450,5.50,0.000,-0.0150,20.609,0.450,0.450,4.50,5.50
sji-197,1,0.450,5.50,0.050,0.0000,53.619,0.450,0.600,5.00,5.50
sji-198,-1,0.450,5.00,0.050,-0.0150,44.033,0.450,0.450,5.00,5.00
sji-199,-1,0.500,3.00,-0.050,0.0300,5.068,0.050,0.900,3.00,4.50
sji-200,1,0.850,3.00,-0.050,0.0000,20.183,0.300,0.900,2.00,5.00
sji-201,1,0.700,4.00,0.150,-0.0150,8.076,0.500,0.750,3.50,4.00
sji-202,1,0.350,7.00,-0.050,-0.0150,33.053,0.350,0.450,6.00,7.00
sji-203,1,0.450,5.00,0.050,0.0300,30.240,0.450,0.450,5.00,5.00
sji-204,1,0.400,6.00,-0.100,-0.0150,58.837,0.400,0.400,6.00,6.00
sji-205,-1,0.500,5.50,0.300,0.0300,28.759,0.500,0.500,5.50,5.50
sji-206,1,0.350,6.50,0.100,0.0300,30.778,0.300,0.600,3.50,8.00
sji-207,-1,0.500,5.50,0.050,0.0150,38.619,0.500,0.500,5.50,5.50
sji-208,1,0.600,6.50,0.050,0.0000,63.981,0.600,0.750,3.50,6.50
sji-209,1,0.300,5.00,-0.400,-0.0150,13.388,0.250,0.300,5.00,7.00
sji-210,-1,0.250,8.00,-0.200,-0.0300,26.268,0.250,0.350,6.00,8.00
sji-211,1,0.100,7.00,-0.150,0.0300,18.131,0.100,0.450,1.00,8.00
sji-212,1,0.800,5.00,0.150,0.0150,44.803,0.800,0.800,5.00,5.00
sji-213,1,1.000,2.50,-0.150,0.0300,20.977,0.400,1.000,1.50,2.50
sji-214,-1,0.550,5.00,0.000,0.0000,51.403,0.550,0.550,5.00,5.00
sji-215,-1,0.400,5.00,0.000,0.0150,19.895,0.350,0.400,5.00,5.50
sji-216,1,0.550,5.00,0.000,0.0300,34.200,0.550,0.600,5.00,5.00
sji-217,1,0.450,5.00,0.000,0.0000,43.047,0.450,0.450,4.50,5.50
sji-218,-1,0.500,6.00,-0.100,0.0000,74.589,0.500,0.500,6.00,6.00
sji-219,-1,1.000,3.00,0.050,0.0150,17.035,0.900,1.000,3.00,3.50
sji-220,-1,0.400,5.50,0.100,0.0000,42.138,0.400,0.400,4.50,5.50
sji-221,1,0.400,5.00,0.000,0.0000,40.292,0.400,0.400,5.00,5.00
sji-222,1,0.400,4.50,0.100,0.0150,34.041,0.400,0.400,4.50,4.50
sji-223,1,0.550,6.00,-0.050,0.0150,44.029,0.550,0.650,5.00,6.00
sji-224,-1,0.500,4.50,0.150,0.0150,42.599,0.350,0.500,4.50,5.50
sji-225,-1,0.600,5.00,0.000,-0.0300,24.348,0.600,0.650,4.00,5.00
sji-226,-1,0.350,6.00,0.000,0.0000,43.915,0.350,0.500,5.50,7.00
sji-227,1,0.450,5.00,0.000,0.0000,43.174,0.450,0.500,4.50,5.00
sji-228,1,0.350,6.50,0.000,-0.0150,22.855,0.350,0.350,6.00,6.50
sji-229,1,0.600,5.50,-0.100,-0.0150,40.788,0.600,0.600,5.50,5.50
sji-230,1,0.450,5.50,0.000,0.0000,42.921,0.400,0.450,5.00,6.00
sji-231,1,0.450,5.00,-0.050,0.0150,35.839,0.400,0.450,4.50,6.00
sji-232,-1,0.350,6.50,0.000,0.0000,39.860,0.350,0.500,5.50,6.50
sji-233,1,0.500,5.00,0.250,0.0000,25.295,0.500,0.500,4.50,5.00
sji-234,-1,0.400,6.50,0.050,0.0000,45.103,0.400,0.400,6.50,6.50
sji-235,-1,0.050,2.00,-0.500,0.0150,0.829,0.000,1.000,0.00,10.00
sji-236,1,0.150,5.00,-0.100,0.0150,10.565,0.150,0.350,4.00,5.00
sji-237,-1,0.600,5.00,-0.100,-0.0300,24.867,0.600,0.600,5.00,5.00
sji-238,1,0.600,2.00,0.600,0.0300,9.803,0.550,0.600,2.00,2.00
sji-239,-1,0.950,6.00,0.200,0.0300,35.763,0.950,1.000,6.00,6.50
sji-240,1,0.700,2.50,-0.200,0.0300,8.550,0.700,0.850,2.00,2.50
sji-241,-1,0.650,5.00,-0.550,0.0300,14.248,0.500,0.650,5.00,10.00
sji-242,-1,0.250,2.50,0.000,0.0000,3.938,0.150,0.950,1.00,5.00
sji-243,1,0.400,5.00,-0.150,-0.0150,42.563,0.350,0.400,5.00,5.00
sji-244,1,0.300,10.00,-0.150,-0.0300,11.461,0.300,0.300,10.00,10.00
sji-245,1,0.500,9.50,-0.100,0.0300,19.113,0.450,0.550,8.00,10.00
sji-246,-1,0.100,5.50,0.000,0.0150,5.434,0.050,0.150,4.50,9.50
sji-247,-1,0.400,5.00,0.200,0.0000,58.670,0.400,0.550,5.00,5.50
sji-248,1,0.850,5.50,-0.100,-0.0300,73.395,0.750,0.850,5.50,5.50
sji-249,1,1.000,2.50,0.050,-0.0300,13.776,0.450,1.000,2.50,6.50
sji-250,1,0.400,6.00,-0.050,0.0150,23.302,0.300,0.400,5.50,7.00
sji-251,-1,0.400,1.50,0.050,-0.0150,29.131,0.400,0.400,1.50,1.50
sji-252,1,0.450,6.00,0.000,0.0000,44.870,0.450,0.500,6.00,6.50
sji-253,-1,0.600,5.00,0.250,-0.0150,31.871,0.500,0.700,5.00,7.00
sji-254,1,0.400,5.50,0.000,0.0000,29.633,0.400,0.400,5.50,5.50
sji-255,-1,0.450,5.00,0.000,0.0000,38.170,0.450,0.450,5.00,5.50
sji-256,1,0.400,6.50,0.050,0.0150,48.607,0.400,0.400,6.50,7.00
sji-257,-1,0.300,6.50,0.000,0.0000,53.043,0.300,0.300,6.50,6.50
sji-258,-1,0.400,2.50,-0.200,0.0300,9.071,0.400,0.400,2.50,3.00
sji-259,1,0.100,8.00,-0.100,0.0000,2.343,0.050,1.000,0.50,10.00
sji-260,-1,0.400,6.00,0.000,0.0000,29.046,0.400,0.500,5.50,6.00
sji-261,1,0.500,5.50,0.150,0.0150,65.078,0.450,0.550,5.50,6.00
sji-262,-1,0.650,6.50,-0.100,-0.0300,41.432,0.600,0.750,6.50,6.50
sji-263,-1,0.400,6.50,-0.050,0.0150,70.977,0.400,0.450,5.50,6.50
sji-264,-1,0.750,1.00,0.500,0.0300,26.502,0.700,0.800,1.00,1.00
sji-265,-1,0.350,6.50,-0.200,0.0150,92.413,0.350,0.400,6.00,6.50
sji-266,-1,0.550,0.50,-0.050,-0.0300,17.098,0.400,0.750,0.50,9.00
sji-267,-1,0.250,6.00,0.200,-0.0300,20.230,0.250,0.300,5.00,6.50
sji-268,1,0.450,6.00,-0.050,0.0000,22.876,0.400,0.450,6.00,7.00
sji-269,1,0.550,4.00,0.050,0.0150,23.201,0.550,0.550,4.00,4.00
sji-270,-1,0.500,5.50,-0.050,-0.0300,31.540,0.450,0.500,5.50,6.50
sji-271,1,0.450,5.50,-0.050,0.0000,100.549,0.400,0.500,5.50,6.00
sji-272,1,0.400,5.50,0.050,0.0000,52.919,0.400,0.450,4.50,5.50
sji-273,-1,0.350,5.50,0.000,0.0000,36.617,0.350,0.350,5.50,5.50
sji-274,-1,0.550,5.00,0.000,0.0150,61.717,0.550,0.550,4.50,5.00
sji-275,-1,0.850,3.50,0.000,0.0300,32.333,0.850,0.850,3.50,3.50
sji-276,-1,0.200,6.00,-0.150,0.0300,7.372,0.200,0.850,2.50,6.00
sji-277,1,0.550,4.00,0.000,0.0150,43.586,0.550,0.550,4.00,4.00
sji-278,1,0.250,7.50,0.000,-0.0150,16.162,0.250,0.550,4.50,8.50
sji-279,1,0.750,4.50,0.050,0.0150,19.641,0.400,0.750,4.50,6.00
sji-280,1,0.400,6.00,0.000,0.0000,36.937,0.400,0.450,5.00,6.00
sji-281,-1,0.350,5.50,0.000,0.0000,36.211,0.350,0.350,5.50,6.00
sji-282,1,0.350,5.50,0.000,0.0150,20.157,0.200,0.350,5.50,7.00
sji-283,-1,0.500,5.00,0.050,0.0000,29.564,0.400,0.550,3.50,5.00
sji-284,-1,0.500,5.50,0.000,0.0150,64.797,0.500,0.500,5.50,5.50
sji-285,1,0.400,6.50,0.000,0.0000,76.841,0.400,0.400,6.50,6.50
sji-286,-1,0.500,3.50,0.100,0.0300,23.972,0.350,0.500,3.50,7.50
sji-287,1,0.500,4.50,0.000,0.0000,126.276,0.500,0.500,4.50,4.50
sji-288,-1,0.350,4.00,-0.050,-0.0300,10.855,0.350,0.350,4.00,4.50
sji-289,1,0.950,4.50,-0.300,-0.0300,9.397,0.850,0.950,4.50,5.00
sji-290,-1,0.200,8.50,-0.550,0.0000,16.541,0.200,0.250,8.50,10.00
sji-291,-1,0.400,6.50,0.000,0.0300,24.011,0.400,0.450,5.00,7.00
sji-292,-1,0.650,3.50,-0.300,0.0000,16.241,0.500,0.650,3.50,4.00
sji-293,-1,0.500,4.50,0.250,0.0000,76.077,0.500,0.500,4.50,4.50
sji-294,1,0.250,0.50,-0.300,-0.0150,10.509,0.250,0.950,0.50,1.00
sji-295,-1,0.900,5.00,-0.100,-0.0300,17.745,0.900,1.000,4.00,5.00
sji-296,1,0.400,5.50,0.150,-0.0150,37.148,0.400,0.400,5.50,5.50
sji-297,-1,0.400,5.50,0.250,0.0000,39.545,0.400,0.500,5.00,5.50
sji-298,1,0.250,6.00,-0.100,-0.0300,5.935,0.200,0.600,3.00,9.50
sji-299,-1,0.450,7.00,-0.450,-0.0300,22.834,0.450,0.450,6.50,7.50
sji-300,-1,0.950,5.00,0.150,-0.0300,24.213,0.700,1.000,5.00,5.00
sji-301,1,0.250,1.50,-0.350,-0.0150,4.846,0.150,1.000,0.50,2.50
sji-302,1,0.750,1.00,0.050,-0.0300,0.915,0.000,1.000,0.00,10.00
sji-303,1,0.350,6.00,0.150,0.0300,45.260,0.300,0.400,5.00,7.00
sji-304,-1,0.450,5.50,0.000,0.0150,43.471,0.450,0.450,5.50,5.50
sji-305,-1,1.000,6.00,0.050,-0.0150,67.983,1.000,1.000,5.50,6.00
sji-306,-1,0.450,0.50,0.300,-0.0300,8.999,0.450,0.500,0.50,0.50
sji-307,-1,0.600,4.50,0.000,0.0150,45.369,0.400,0.600,4.00,6.00
sji-308,-1,0.150,7.00,-0.050,0.0000,8.941,0.150,0.250,5.00,7.00
sji-309,-1,0.250,9.50,-0.100,0.0150,12.449,0.250,0.250,8.50,10.00
sji-310,-1,0.500,5.50,0.000,0.0000,40.142,0.450,0.500,5.50,5.50
sji-311,1,0.550,6.00,0.100,-0.0300,22.592,0.300,0.550,5.50,8.00
sji-312,1,0.900,5.00,0.050,0.0300,31.160,0.850,0.950,5.00,5.00
sji-313,1,0.250,5.00,0.200,-0.0150,25.598,0.250,0.250,5.00,5.00
sji-314,-1,0.400,9.50,0.600,-0.0300,25.829,0.400,0.400,9.50,9.50
sji-315,-1,0.450,6.50,0.000,0.0000,31.251,0.450,0.500,5.50,7.00
sji-316,-1,0.400,6.00,0.050,0.0000,57.196,0.400,0.400,6.00,6.00
sji-317,-1,0.400,6.50,0.100,0.0150,27.761,0.400,0.450,4.50,6.50
sji-318,1,0.550,5.00,0.000,0.0150,29.172,0.550,0.550,5.00,5.00
sji-319,1,0.450,5.00,0.150,0.0150,24.682,0.400,0.500,4.00,6.00
sji-320,1,0.550,4.50,0.000,0.0000,29.676,0.450,0.550,4.50,5.50
sji-321,1,0.550,4.00,-0.050,-0.0150,21.979,0.350,0.550,3.50,5.00
