name,dataset,chip,fsn,length,start,slope,noise,gain,vertical,row,column
2014-1,2014,FUV1,4982267,16,0,-0.0008241342632536,17.82,6.0,False,286,446
2014-2,2014,FUV2,4982363,17,16,-0.2576041267107096,17.82,6.0,False,4008,835
2014-3,2014,FUV1,4982579,25,33,0.1980645285119546,17.82,6.0,True,494,243
2014-4,2014,FUV2,4982591,23,58,-0.1415974651310719,17.82,6.0,False,3129,720
2014-5,2014,FUV2,4982615,21,81,-0.0757444936852991,17.82,6.0,False,3653,312
2014-6,2014,FUV1,4982621,23,102,0.3197022928372895,17.82,6.0,False,1749,564
2014-7,2014,FUV2,4982702,20,125,0.0033452468801063,17.82,6.0,False,3570,222
2014-8,2014,FUV2,4982717,13,145,0.1662930653584181,17.82,6.0,False,3517,227
2014-9,2014,FUV2,4982729,12,158,-0.112511028418565,17.82,6.0,False,3158,708
2014-10,2014,FUV1,4982735,33,170,-0.0164848113875131,17.82,6.0,False,243,557
2014-11,2014,FUV1,4982822,17,203,0.2092191329234314,17.82,6.0,False,1738,239
2014-12,2014,FUV1,4982822,14,220,0.1901815248065034,17.82,6.0,False,1755,243
2014-13,2014,FUV1,4982831,12,234,0.1375680215682886,17.82,6.0,False,180,290
2014-14,2014,FUV2,4982888,20,246,-0.3001036928145371,17.82,6.0,True,599,3229
2014-15,2014,FUV1,4982945,14,266,0.0151900159129198,17.82,6.0,False,1458,428
2014-16,2014,FUV2,4982945,12,280,-0.3138285212344173,17.82,6.0,True,710,3138
2014-17,2014,FUV2,4982978,15,292,0.2451433878786085,17.82,6.0,False,3223,855
2014-18,2014,FUV1,4982981,16,307,0.0396817222498012,17.82,6.0,False,1640,254
2014-19,2014,FUV1,4983059,26,323,-0.1133407218375738,17.82,6.0,True,842,1783
2014-20,2014,FUV2,4983077,12,349,0.0212537982748353,17.82,6.0,True,273,3874
2014-21,2014,FUV1,4983146,20,361,0.2043176311771005,17.82,6.0,True,846,1670
2014-22,2014,FUV1,4983245,18,381,-0.1438794035674814,17.82,6.0,True,662,1354
2014-23,2014,FUV1,4983260,12,399,0.272557603847806,17.82,6.0,True,474,102
2014-24,2014,FUV1,4983287,23,411,-0.1829117260636012,17.82,6.0,True,501,1629
2014-25,2014,FUV2,4983509,17,434,-0.0903771858890406,17.82,6.0,False,3842,867
2014-26,2014,FUV2,4983518,12,451,-0.2923706291485253,17.82,6.0,False,3134,326
2014-27,2014,FUV1,4984031,15,463,0.1302084106262195,17.82,6.0,False,1684,446
2014-28,2014,FUV1,4984043,13,478,-0.2761446126961492,17.82,6.0,False,434,733
2014-29,2014,FUV1,4984055,22,491,0.2838224880919029,17.82,6.0,False,1628,260
2014-30,2014,FUV1,4984070,12,513,0.2059999239592891,17.82,6.0,False,1621,429
2014-31,2014,FUV1,4984091,13,525,0.3452113321892315,17.82,6.0,True,823,1413
2014-32,2014,FUV2,4984184,30,538,0.1736709017295526,17.82,6.0,False,2923,698
2014-33,2014,FUV2,4984208,15,568,-0.0775873295593747,17.82,6.0,False,2971,791
2014-34,2014,FUV1,4984226,16,583,-0.0977511924814078,17.82,6.0,False,198,450
2014-35,2014,FUV1,4984235,14,599,-0.0373264761326029,17.82,6.0,False,1815,241
2014-36,2014,FUV1,4984238,12,613,-0.0162657470245244,17.82,6.0,False,286,474
2014-37,2014,FUV1,4984241,15,625,0.1225444639894955,17.82,6.0,True,533,1761
2014-38,2014,FUV1,4984256,12,640,-0.2629026934608147,17.82,6.0,False,96,453
2014-39,2014,FUV2,4984280,17,652,0.0677556341734689,17.82,6.0,False,3020,632
2014-40,2014,FUV1,4984403,13,669,-0.3306791765704599,17.82,6.0,False,1362,350
2014-41,2014,FUV2,4984403,15,682,-0.2930340573399336,17.82,6.0,False,3982,701
2014-42,2014,FUV2,4984478,15,697,0.1502561667671698,17.82,6.0,False,3857,662
2014-43,2014,FUV2,4984532,12,712,-0.0449291794137498,17.82,6.0,True,388,3645
2014-44,2014,FUV1,4984604,12,724,-0.2377763405480149,17.82,6.0,False,1263,729
2014-45,2014,FUV2,4984628,22,736,0.1969591780549146,17.82,6.0,True,353,2942
2014-46,2014,FUV1,4984640,15,758,-0.2097757332590913,17.82,6.0,False,331,574
2014-47,2014,FUV1,4984658,38,773,-0.0735207101909146,17.82,6.0,False,1628,828
2014-48,2014,FUV2,4984892,13,811,0.0327626488549928,17.82,6.0,True,805,3871
2014-49,2014,FUV2,4985117,23,824,-0.2530709979496178,17.82,6.0,True,672,3884
2014b-1,2014b,FUV1,4609756,16,847,0.0118375108276291,17.82,6.0,False,1602,500
2014b-2,2014b,FUV2,4609759,20,863,-0.191220970887949,17.82,6.0,True,760,2974
2014b-3,2014b,FUV2,4609765,13,883,-0.2369059169203771,17.82,6.0,False,3726,891
2014b-4,2014b,FUV1,4609774,14,896,0.075750528147954,17.82,6.0,True,498,1461
2014b-5,2014b,FUV2,4609777,14,910,-0.1256384730659278,17.82,6.0,False,3219,564
2014b-6,2014b,FUV2,4609786,13,924,-0.1307815655654604,17.82,6.0,True,581,3650
2014b-7,2014b,FUV1,4609789,15,937,0.2949647714969944,17.82,6.0,True,501,412
2014b-8,2014b,FUV1,4609789,12,952,0.0125929870233202,17.82,6.0,True,826,1635
2014b-9,2014b,FUV2,4609795,18,964,-0.224422759804977,17.82,6.0,True,763,3617
2014b-10,2014b,FUV2,4609795,16,982,-0.3167925876880673,17.82,6.0,True,812,2976
2014b-11,2014b,FUV2,4609795,34,998,-0.1636409350666167,17.82,6.0,True,852,3522
2014b-12,2014b,FUV1,4609798,12,1032,-0.0764704876630889,17.82,6.0,True,808,1758
2014b-13,2014b,FUV2,4609804,15,1044,-0.1340963320031361,17.82,6.0,False,3914,824
2014b-14,2014b,FUV1,4609807,12,1059,-0.3256965682558735,17.82,6.0,True,502,174
2014b-15,2014b,FUV1,4609807,12,1071,0.0305431408489947,17.82,6.0,True,619,1345
2014b-16,2014b,FUV1,4609807,15,1083,-0.3434537811951801,17.82,6.0,True,693,1397
2014b-17,2014b,FUV1,4609807,12,1098,-0.3487425200338308,17.82,6.0,True,722,196
2014b-18,2014b,FUV1,4609810,18,1110,-0.1549282457553078,17.82,6.0,True,521,1713
2014b-19,2014b,FUV1,4609810,12,1128,-0.0960824219319836,17.82,6.0,True,529,435
2014b-20,2014b,FUV2,4609810,14,1140,0.2169345489644399,17.82,6.0,False,3250,579
2014b-21,2014b,FUV2,4609810,12,1154,0.021102394614804,17.82,6.0,False,4014,659
2014b-22,2014b,FUV2,4609810,13,1166,-0.3062616658574639,17.82,6.0,True,793,3768
2014b-23,2014b,FUV1,4609810,13,1179,-0.3059620151929949,17.82,6.0,True,802,1887
2014b-24,2014b,FUV2,4609810,17,1192,-0.2837908371513152,17.82,6.0,True,870,3749
2014b-25,2014b,FUV2,4609810,14,1209,0.1355852149095756,17.82,6.0,False,3865,900
2014b-26,2014b,FUV2,4609813,18,1223,-0.2570606979632848,17.82,6.0,True,589,3183
2014b-27,2014b,FUV2,4609813,12,1241,-0.0052871384304305,17.82,6.0,False,3217,613
2014b-28,2014b,FUV2,4609813,16,1253,-0.2009573139561699,17.82,6.0,True,647,3907
2014b-29,2014b,FUV2,4609813,14,1269,-0.3225805149984744,17.82,6.0,True,708,2926
2014b-30,2014b,FUV2,4609813,13,1283,-0.1821424813844159,17.82,6.0,True,753,3160
2014b-31,2014b,FUV1,4609813,12,1296,-0.1353631043422222,17.82,6.0,True,773,1312
2014b-32,2014b,FUV1,4609816,13,1308,-0.2678568159409786,17.82,6.0,True,570,1287
2014b-33,2014b,FUV1,4609816,12,1321,-0.3498993908869376,17.82,6.0,True,625,1310
2014b-34,2014b,FUV2,4609816,13,1333,-0.1980455390914585,17.82,6.0,True,638,3047
2014b-35,2014b,FUV2,4609816,12,1346,0.0279720554967183,17.82,6.0,True,683,3860
2014b-36,2014b,FUV2,4609816,15,1358,-0.0276560126308266,17.82,6.0,True,862,3000
2014b-37,2014b,FUV2,4609816,13,1373,-0.2510687273758235,17.82,6.0,True,870,3756
2014b-38,2014b,FUV2,4609816,15,1386,-0.2460399856793585,17.82,6.0,True,893,3758
2014b-39,2014b,FUV1,4609819,12,1401,-0.0383746231077094,17.82,6.0,False,1905,397
2014b-40,2014b,FUV1,4609819,12,1413,-0.0888383383550374,17.82,6.0,True,412,1270
2014b-41,2014b,FUV1,4609819,14,1425,-0.2372257008589049,17.82,6.0,True,501,1727
2014b-42,2014b,FUV2,4609819,12,1439,-0.0976507449695862,17.82,6.0,True,641,3271
2014b-43,2014b,FUV2,4609819,13,1451,0.2301119986403681,17.82,6.0,False,3917,789
2014b-44,2014b,FUV2,4609819,13,1464,-0.3193650371543158,17.82,6.0,True,843,3601
2014b-45,2014b,FUV1,4609822,16,1477,-0.1401645651616177,17.82,6.0,True,498,1793
2014b-46,2014b,FUV2,4609822,16,1493,-0.2992036722163812,17.82,6.0,True,569,3940
2014b-47,2014b,FUV2,4609822,18,1509,0.0591074413595079,17.82,6.0,True,742,3014
2014b-48,2014b,FUV2,4609822,14,1527,-0.0756182352940067,17.82,6.0,True,751,3760
2014b-49,2014b,FUV2,4609822,17,1541,-0.0947944146556275,17.82,6.0,True,754,3023
2014b-50,2014b,FUV2,4609822,13,1558,-0.1069437582044723,17.82,6.0,True,816,3640
2014b-51,2014b,FUV1,4609822,13,1571,-0.241947521320591,17.82,6.0,True,842,1621
2014b-52,2014b,FUV1,4609825,12,1584,-0.078927130680988,17.82,6.0,True,407,1693
2014b-53,2014b,FUV1,4609825,12,1596,0.1685078327748804,17.82,6.0,True,493,162
2014b-54,2014b,FUV1,4609825,15,1608,-0.2480840524825062,17.82,6.0,True,536,1646
2014b-55,2014b,FUV2,4609825,12,1623,0.2244192668461471,17.82,6.0,False,3611,607
2014b-56,2014b,FUV2,4609825,12,1635,-0.1385317078378346,17.82,6.0,True,621,3866
2014b-57,2014b,FUV2,4609825,13,1647,-0.2015181040373783,17.82,6.0,True,740,3542
2014b-58,2014b,FUV2,4609825,21,1660,-0.0780632899207772,17.82,6.0,True,742,2962
2014b-59,2014b,FUV1,4609825,12,1681,-0.1669646267970578,17.82,6.0,True,769,1651
2014b-60,2014b,FUV1,4609825,12,1693,-0.2791757321161006,17.82,6.0,True,893,1447
2014b-61,2014b,FUV1,4609828,13,1705,-0.3355208162430674,17.82,6.0,True,498,386
2014b-62,2014b,FUV1,4609828,15,1718,0.0156406836259282,17.82,6.0,True,522,1736
2014b-63,2014b,FUV2,4609828,12,1733,-0.0592269674480876,17.82,6.0,True,674,3750
2014b-64,2014b,FUV2,4609828,14,1745,-0.2709431282478236,17.82,6.0,True,677,3656
2014b-65,2014b,FUV2,4609828,13,1759,-0.1432833559870513,17.82,6.0,True,733,4017
2014b-66,2014b,FUV2,4609828,12,1772,-0.3122899512854359,17.82,6.0,True,813,3955
2014b-67,2014b,FUV1,4609828,15,1784,-0.164035223655479,17.82,6.0,True,851,1340
2014b-68,2014b,FUV1,4609828,13,1799,-0.0884698791281342,17.82,6.0,True,880,1460
2014b-69,2014b,FUV2,4609828,12,1812,-0.0522769296434907,17.82,6.0,True,896,4007
2014b-70,2014b,FUV2,4609831,12,1824,-0.0293580406381583,17.82,6.0,True,447,3164
2014b-71,2014b,FUV1,4609831,13,1836,-0.3259904779169084,17.82,6.0,False,1777,501
2014b-72,2014b,FUV2,4609831,12,1849,-0.1057510039771519,17.82,6.0,True,602,2934
2014b-73,2014b,FUV1,4609831,12,1861,-0.062803778801374,17.82,6.0,True,634,270
2014b-74,2014b,FUV2,4609831,17,1873,-0.1194177276459484,17.82,6.0,True,635,3666
2014b-75,2014b,FUV2,4609831,18,1890,-0.0096132302362641,17.82,6.0,True,708,3261
2014b-76,2014b,FUV1,4609831,14,1908,0.2705991444071596,17.82,6.0,True,714,1330
2014b-77,2014b,FUV2,4609831,12,1922,-0.287746681061597,17.82,6.0,True,773,3727
2014b-78,2014b,FUV1,4609831,12,1934,-0.2756493925717918,17.82,6.0,True,779,252
2014b-79,2014b,FUV2,4609831,16,1946,-0.2544859774176117,17.82,6.0,True,811,3613
2014b-80,2014b,FUV1,4609831,12,1962,0.2380175819109384,17.82,6.0,True,816,1840
2014b-81,2014b,FUV2,4609831,12,1974,-0.1871049764970724,17.82,6.0,True,875,3177
2014b-82,2014b,FUV2,4609831,15,1986,-0.2260298846413155,17.82,6.0,True,881,3051
2014b-83,2014b,FUV2,4609831,15,2001,-0.0158815631849329,17.82,6.0,True,890,3651
2014b-84,2014b,FUV1,4609834,13,2016,-0.0497611043237044,17.82,6.0,True,533,1452
2014b-85,2014b,FUV2,4609834,13,2029,0.0978095075493418,17.82,6.0,True,566,3934
2014b-86,2014b,FUV2,4609834,17,2042,-0.0417070997115409,17.82,6.0,True,641,3230
2014b-87,2014b,FUV1,4609834,13,2059,-0.2008217986724795,17.82,6.0,True,674,1445
2014b-88,2014b,FUV2,4609834,16,2072,0.0834689529738066,17.82,6.0,True,694,3787
2014b-89,2014b,FUV2,4609834,12,2088,-0.1757454548199896,17.82,6.0,False,2948,752
2014b-90,2014b,FUV2,4609834,13,2100,-0.2789312795873327,17.82,6.0,True,815,3153
2014b-91,2014b,FUV2,4609834,15,2113,-0.1213395277777016,17.82,6.0,True,830,2964
2014b-92,2014b,FUV2,4609834,21,2128,-0.1202852856230847,17.82,6.0,True,845,3763
2014b-93,2014b,FUV2,4609834,12,2149,0.068400736780705,17.82,6.0,True,850,3028
2014b-94,2014b,FUV2,4609834,17,2161,-0.2973509427423035,17.82,6.0,True,863,3006
2014b-95,2014b,FUV2,4609834,12,2178,-0.0803467558497214,17.82,6.0,True,866,2974
2014b-96,2014b,FUV2,4609834,14,2190,-0.0465263791588735,17.82,6.0,True,877,3733
2014b-97,2014b,FUV1,4609834,12,2204,-0.048803273675647,17.82,6.0,True,896,387
2014b-98,2014b,FUV1,4609837,12,2216,0.0956314213890849,17.82,6.0,True,443,1348
2014b-99,2014b,FUV1,4609837,15,2228,-0.260376777670269,17.82,6.0,True,521,1753
2014b-100,2014b,FUV2,4609837,13,2243,-0.138158414847653,17.82,6.0,True,558,3619
2014b-101,2014b,FUV1,4609837,17,2256,-0.256094429786511,17.82,6.0,True,575,1338
2014b-102,2014b,FUV2,4609837,21,2273,-0.1042228113763963,17.82,6.0,True,599,3946
2014b-103,2014b,FUV2,4609837,12,2294,0.128923184884183,17.82,6.0,True,613,2918
2014b-104,2014b,FUV2,4609837,12,2306,0.1525753942102292,17.82,6.0,True,660,3928
2014b-105,2014b,FUV2,4609837,16,2318,-0.0870082035504453,17.82,6.0,True,664,3727
2014b-106,2014b,FUV2,4609837,12,2334,-0.0632424268627074,17.82,6.0,True,676,3510
2014b-107,2014b,FUV1,4609837,18,2346,0.119396584278484,17.82,6.0,True,712,1259
2014b-108,2014b,FUV2,4609837,12,2364,0.1103195697155939,17.82,6.0,True,734,3671
2014b-109,2014b,FUV1,4609837,12,2376,0.0742801933070388,17.82,6.0,True,741,381
2014b-110,2014b,FUV2,4609837,14,2388,0.2265610574398123,17.82,6.0,True,822,3216
2014b-111,2014b,FUV2,4609837,14,2402,0.0052708562611538,17.82,6.0,False,2928,841
2014b-112,2014b,FUV1,4609837,13,2416,-0.0703661176166552,17.82,6.0,True,866,1367
2014b-113,2014b,FUV1,4609837,14,2429,-0.3059601737139931,17.82,6.0,True,886,1322
2014b-114,2014b,FUV2,4609837,15,2443,-0.068523923043479,17.82,6.0,True,886,3050
2014b-115,2014b,FUV1,4609837,12,2458,-0.2003694672711282,17.82,6.0,True,896,1449
2014b-116,2014b,FUV1,4609840,23,2470,0.0833407810878042,17.82,6.0,True,525,189
2014b-117,2014b,FUV1,4609840,19,2493,-0.2942083350631962,17.82,6.0,True,560,340
2014b-118,2014b,FUV2,4609840,12,2512,-0.2034621009193502,17.82,6.0,True,592,3898
2014b-119,2014b,FUV2,4609840,13,2524,-0.0874409303685273,17.82,6.0,True,643,3537
2014b-120,2014b,FUV2,4609840,15,2537,-0.1215701693869901,17.82,6.0,True,652,3750
2014b-121,2014b,FUV2,4609840,23,2552,-0.0025418328534559,17.82,6.0,True,666,4001
2014b-122,2014b,FUV1,4609840,17,2575,-0.1623228554993768,17.82,6.0,True,733,1691
2014b-123,2014b,FUV2,4609840,18,2592,0.2895403600708242,17.82,6.0,True,758,3553
2014b-124,2014b,FUV2,4609840,24,2610,0.0899164257311495,17.82,6.0,True,767,2963
2014b-125,2014b,FUV2,4609840,25,2634,-0.053061632273635,17.82,6.0,True,795,3627
2014b-126,2014b,FUV2,4609840,13,2659,-0.1981352346351259,17.82,6.0,True,799,3910
2014b-127,2014b,FUV2,4609843,12,2672,-0.2130308158375693,17.82,6.0,True,537,3906
2014b-128,2014b,FUV2,4609843,12,2684,0.1510788624016693,17.82,6.0,True,566,3788
2014b-129,2014b,FUV2,4609843,13,2696,0.1222125465445751,17.82,6.0,True,590,3013
2014b-130,2014b,FUV2,4609843,12,2709,-0.2119619823020394,17.82,6.0,True,617,2912
2014b-131,2014b,FUV1,4609843,12,2721,-0.0426445698519895,17.82,6.0,True,624,1811
2014b-132,2014b,FUV2,4609843,14,2733,0.2346350243932924,17.82,6.0,True,686,3659
2014b-133,2014b,FUV2,4609843,13,2747,0.2766040675211051,17.82,6.0,True,710,2987
2014b-134,2014b,FUV2,4609843,12,2760,0.0614968740115443,17.82,6.0,True,728,3909
2014b-135,2014b,FUV1,4609843,15,2772,-0.1120253328664844,17.82,6.0,True,735,1691
2014b-136,2014b,FUV2,4609843,12,2787,-0.1120930560253744,17.82,6.0,True,739,3256
2014b-137,2014b,FUV2,4609843,17,2799,-0.1546952707342011,17.82,6.0,True,787,3020
2014b-138,2014b,FUV1,4609843,13,2816,0.1480136462255562,17.82,6.0,False,1829,809
2014b-139,2014b,FUV2,4609843,12,2829,0.2858339722586679,17.82,6.0,True,842,3897
2014b-140,2014b,FUV1,4609843,20,2841,-0.0374178290652146,17.82,6.0,True,879,1423
2014b-141,2014b,FUV2,4609846,13,2861,0.1853290981377728,17.82,6.0,True,553,3929
2014b-142,2014b,FUV2,4609846,15,2874,-0.054491089204314,17.82,6.0,True,572,3714
2014b-143,2014b,FUV2,4609846,12,2889,0.1899967172481066,17.82,6.0,True,741,3654
2014b-144,2014b,FUV2,4609846,12,2901,-0.0990402884097761,17.82,6.0,True,759,3788
2014b-145,2014b,FUV2,4609846,14,2913,-0.0094859813416797,17.82,6.0,True,793,3894
2014b-146,2014b,FUV2,4609846,12,2927,-0.0972407754890599,17.82,6.0,True,822,3180
2014b-147,2014b,FUV1,4609849,18,2939,0.1178934509379456,17.82,6.0,True,443,1775
2014b-148,2014b,FUV2,4609849,12,2957,-0.0345965226721453,17.82,6.0,True,640,3934
2014b-149,2014b,FUV2,4609849,13,2969,0.0765645893398949,17.82,6.0,True,646,3722
2014b-150,2014b,FUV1,4609849,15,2982,0.204485545139391,17.82,6.0,True,652,1372
2014b-151,2014b,FUV2,4609849,15,2997,-0.0439459215923091,17.82,6.0,True,652,4064
2014b-152,2014b,FUV2,4609849,13,3012,0.1347649708008355,17.82,6.0,True,674,2901
2014b-153,2014b,FUV1,4609849,16,3025,-0.0239965116730809,17.82,6.0,True,718,1705
2014b-154,2014b,FUV2,4609849,13,3041,-0.235352664279165,17.82,6.0,True,748,2973
2014b-155,2014b,FUV2,4609849,14,3054,0.1182272902639926,17.82,6.0,True,762,3643
2014b-156,2014b,FUV2,4609849,17,3068,-0.0102037198366718,17.82,6.0,True,891,3789
2014b-157,2014b,FUV1,4609852,20,3085,-0.0796780273790179,17.82,6.0,True,541,245
2014b-158,2014b,FUV2,4609852,12,3105,0.1645204167731715,17.82,6.0,True,591,2915
2014b-159,2014b,FUV2,4609852,13,3117,-0.0339997176384085,17.82,6.0,True,635,3598
2014b-160,2014b,FUV2,4609852,12,3130,0.1282329612684645,17.82,6.0,True,645,3740
2014b-161,2014b,FUV2,4609852,16,3142,0.1338525044394713,17.82,6.0,True,660,3553
2014b-162,2014b,FUV1,4609852,13,3158,0.2594932295135588,17.82,6.0,True,726,257
2014b-163,2014b,FUV2,4609852,13,3171,0.1112159787398106,17.82,6.0,True,735,3227
2014b-164,2014b,FUV2,4609852,15,3184,-0.0693908097753402,17.82,6.0,True,783,3621
2014b-165,2014b,FUV1,4609855,15,3199,-0.1145759327435902,17.82,6.0,True,489,1342
2014b-166,2014b,FUV2,4609855,13,3214,0.1675949427647661,17.82,6.0,True,500,3634
2014b-167,2014b,FUV1,4609855,15,3227,0.1601865070833154,17.82,6.0,True,519,1463
2014b-168,2014b,FUV1,4609855,16,3242,0.3213257492643371,17.82,6.0,True,532,1892
2014b-169,2014b,FUV2,4609855,14,3258,0.3312887959898431,17.82,6.0,True,549,3156
2014b-170,2014b,FUV2,4609855,12,3272,0.0045769372573456,17.82,6.0,True,570,2986
2014b-171,2014b,FUV1,4609855,12,3284,0.0675095873572951,17.82,6.0,True,597,1634
2014b-172,2014b,FUV2,4609855,14,3296,-0.1034592054397112,17.82,6.0,True,620,3622
2014b-173,2014b,FUV2,4609855,17,3310,0.0925097102913621,17.82,6.0,True,633,3874
2014b-174,2014b,FUV2,4609855,12,3327,0.2241916958542884,17.82,6.0,True,637,2979
2014b-175,2014b,FUV2,4609855,12,3339,0.0885919767831389,17.82,6.0,True,742,3642
2014b-176,2014b,FUV2,4609855,14,3351,0.0916143079394109,17.82,6.0,True,762,3559
2014b-177,2014b,FUV1,4609855,15,3365,0.175501389497426,17.82,6.0,True,780,1397
2014b-178,2014b,FUV2,4609855,14,3380,-0.0722968923857929,17.82,6.0,True,782,3515
2014b-179,2014b,FUV2,4609855,19,3394,0.0463602184736728,17.82,6.0,True,810,3190
2014b-180,2014b,FUV2,4609855,15,3413,0.221566707802302,17.82,6.0,True,824,3245
2014b-181,2014b,FUV2,4609858,17,3428,0.2630731247961899,17.82,6.0,True,606,3060
2014b-182,2014b,FUV2,4609858,16,3445,0.1389734745595067,17.82,6.0,True,616,4010
2014b-183,2014b,FUV2,4609858,15,3461,-0.1436699746128666,17.82,6.0,True,645,3510
2014b-184,2014b,FUV2,4609858,13,3476,1.7662950587795468e-05,17.82,6.0,True,686,3953
2014b-185,2014b,FUV2,4609858,13,3489,-0.1058864119192143,17.82,6.0,True,736,3223
2014b-186,2014b,FUV2,4609858,12,3502,0.3293146231270061,17.82,6.0,True,794,3723
2014b-187,2014b,FUV2,4609858,15,3514,0.2915026938605889,17.82,6.0,True,826,2921
2014b-188,2014b,FUV2,4609858,13,3529,-0.0500340223558358,17.82,6.0,True,863,3548
2014b-189,2014b,FUV1,4609861,18,3542,-0.0121695896764915,17.82,6.0,True,565,1613
2014b-190,2014b,FUV1,4609861,14,3560,0.0904364974382222,17.82,6.0,True,612,1266
2014b-191,2014b,FUV2,4609861,16,3574,0.3465473345867549,17.82,6.0,True,641,3944
2014b-192,2014b,FUV1,4609861,17,3590,0.1749047674669345,17.82,6.0,True,749,99
2014b-193,2014b,FUV1,4609861,14,3607,0.1896569606059505,17.82,6.0,True,756,183
2014b-194,2014b,FUV2,4609861,18,3621,0.0262563101187657,17.82,6.0,True,767,3957
2014b-195,2014b,FUV2,4609861,21,3639,0.1839896603393492,17.82,6.0,True,820,3744
2014b-196,2014b,FUV2,4609861,20,3660,0.1487323526156275,17.82,6.0,True,830,3215
2014b-197,2014b,FUV2,4609861,17,3680,0.1305041726584259,17.82,6.0,True,832,2989
2014b-198,2014b,FUV2,4609861,13,3697,0.2419471914453253,17.82,6.0,True,835,3264
2014b-199,2014b,FUV2,4609864,16,3710,0.1474586477528614,17.82,6.0,True,684,2954
2014b-200,2014b,FUV2,4609864,17,3726,0.1680731999422552,17.82,6.0,True,727,3161
2014b-201,2014b,FUV1,4609864,12,3743,0.315928751690154,17.82,6.0,True,748,1673
2014b-202,2014b,FUV2,4609864,13,3755,0.223247112846259,17.82,6.0,True,773,2960
2014b-203,2014b,FUV2,4609864,14,3768,0.3370731786682743,17.82,6.0,True,810,3508
2014b-204,2014b,FUV2,4609864,14,3782,-0.0164681927129454,17.82,6.0,True,827,2991
2014b-205,2014b,FUV2,4609864,12,3796,0.0211081067027814,17.82,6.0,True,875,4016
2014b-206,2014b,FUV2,4609864,15,3808,0.0365367685873683,17.82,6.0,True,893,3169
2014b-207,2014b,FUV1,4609867,15,3823,0.2289375240915387,17.82,6.0,True,445,1837
2014b-208,2014b,FUV2,4609867,19,3838,0.0088092062950022,17.82,6.0,True,688,3266
2014b-209,2014b,FUV2,4609867,16,3857,0.0961162871967543,17.82,6.0,True,737,3937
2014b-210,2014b,FUV2,4609867,16,3873,0.078099196609716,17.82,6.0,True,763,3639
2014b-211,2014b,FUV1,4609867,12,3889,0.1766724104973461,17.82,6.0,True,770,1310
2014b-212,2014b,FUV2,4609867,13,3901,0.2362257574231998,17.82,6.0,True,805,3169
2014b-213,2014b,FUV1,4609867,14,3914,0.1078955351748145,17.82,6.0,True,810,288
2014b-214,2014b,FUV2,4609867,17,3928,0.3093406357111723,17.82,6.0,True,891,3255
2014b-215,2014b,FUV2,4609870,22,3945,0.113412919514904,17.82,6.0,True,736,2924
2014b-216,2014b,FUV2,4609870,17,3967,0.3346933297214778,17.82,6.0,True,747,4025
2014b-217,2014b,FUV2,4609870,18,3984,0.2842729305681388,17.82,6.0,True,862,3768
2014b-218,2014b,FUV2,4609873,13,4002,0.30261068169833,17.82,6.0,True,580,3143
2014b-219,2014b,FUV2,4609879,12,4015,0.2412701686532078,17.82,6.0,True,663,3789
2014b-220,2014b,FUV2,4609882,14,4027,0.2221956888942842,17.82,6.0,True,837,3517
2018-1,2018,FUV1,38601209,15,4041,-0.0719331690590304,18.9,6.0,False,1818,393
2018-2,2018,FUV1,38601212,19,4056,0.081695497816201,18.9,6.0,False,1385,513
2018-3,2018,FUV1,38601233,27,4075,-0.1213519586116538,18.9,6.0,False,1248,813
2018-4,2018,FUV1,38601239,12,4102,-0.1127095635716398,18.9,6.0,True,405,1810
2018-5,2018,FUV1,38601254,19,4114,-0.0758325217264419,18.9,6.0,False,1836,896
2018-6,2018,FUV1,38601263,13,4133,0.3381035362394132,18.9,6.0,False,1757,542
2018-7,2018,FUV1,38601269,16,4146,0.0844426728862275,18.9,6.0,False,1779,461
2018-8,2018,FUV1,38601269,13,4162,0.1528766846942314,18.9,6.0,False,172,791
2018-9,2018,FUV2,38601272,18,4175,0.3259886173888751,18.9,6.0,True,207,4031
2018-10,2018,FUV1,38601278,21,4193,-0.0812429672698143,18.9,6.0,False,1898,300
2018-11,2018,FUV1,38601296,12,4214,0.2103994178307887,18.9,6.0,True,733,1760
2018-12,2018,FUV1,38601299,12,4226,-0.0380597496690184,18.9,6.0,True,605,1746
2018-13,2018,FUV1,38601332,12,4238,-0.1788302408265854,18.9,6.0,True,1017,289
2018-14,2018,FUV1,38601335,13,4250,0.1169936157989366,18.9,6.0,False,130,932
2018-15,2018,FUV1,38601341,20,4263,-0.0270946694773973,18.9,6.0,True,974,317
2018-16,2018,FUV1,38601347,30,4283,-0.0121555651092845,18.9,6.0,True,359,118
2018-17,2018,FUV1,38601374,25,4313,0.0935641632605884,18.9,6.0,True,887,1736
2018-18,2018,FUV1,38601380,16,4338,-0.1196544920165152,18.9,6.0,True,170,1787
2018-19,2018,FUV1,38601386,21,4354,0.2302016490943479,18.9,6.0,True,252,220
2018-20,2018,FUV1,38601386,13,4375,0.3275175811699161,18.9,6.0,False,314,600
2018-21,2018,FUV1,38601389,17,4388,-0.0817114862806186,18.9,6.0,False,290,656
2018-22,2018,FUV1,38601413,37,4405,0.0620925511868094,18.9,6.0,False,1604,404
2018-23,2018,FUV1,38601422,13,4442,-0.2287725599960217,18.9,6.0,False,1839,50
2018-24,2018,FUV1,38601449,14,4455,-0.1227038807307807,18.9,6.0,False,1773,96
2018-25,2018,FUV1,38601467,12,4469,-0.1565542294457482,18.9,6.0,False,290,215
2018-26,2018,FUV2,38601515,32,4481,0.1838222476665445,18.9,6.0,True,487,3937
2018-27,2018,FUV1,38602172,14,4513,-0.1707314863947535,18.9,6.0,True,156,230
2018-28,2018,FUV2,38602211,15,4527,0.3406875301784945,18.9,6.0,True,363,3692
2018-29,2018,FUV2,38602211,13,4542,0.3084963180278397,18.9,6.0,True,855,3989
2018-30,2018,FUV2,38602235,13,4555,0.1131960585156172,18.9,6.0,False,3087,94
2018-31,2018,FUV1,38602256,21,4568,0.0397258204540994,18.9,6.0,False,1821,235
2018-32,2018,FUV2,38602256,12,4589,0.1447250512742845,18.9,6.0,True,648,2993
2018-33,2018,FUV1,38602256,31,4601,-0.0097139521191895,18.9,6.0,True,927,425
2018-34,2018,FUV2,38602259,15,4632,0.279467152822115,18.9,6.0,False,3199,239
2018-35,2018,FUV2,38602262,15,4647,0.1519911112206698,18.9,6.0,False,3867,901
2018-36,2018,FUV2,38602271,44,4662,0.1767767116845925,18.9,6.0,True,82,3115
2018-37,2018,FUV2,38602274,29,4706,-0.1380821850944051,18.9,6.0,True,606,3080
2018-38,2018,FUV1,38602274,15,4735,-0.098263749633253,18.9,6.0,True,711,284
2018-39,2018,FUV1,38602283,12,4750,0.3302487400853972,18.9,6.0,True,504,405
2018-40,2018,FUV2,38602283,13,4762,-0.2430730630160484,18.9,6.0,False,3883,957
2018-41,2018,FUV1,38602286,34,4775,0.1866311491157414,18.9,6.0,False,1843,810
2018-42,2018,FUV1,38602298,14,4809,0.1176456112930841,18.9,6.0,True,241,105
2018-43,2018,FUV1,38602307,15,4823,-0.2770066815141476,18.9,6.0,True,614,1307
2018-44,2018,FUV2,38602313,24,4838,-0.175304497801677,18.9,6.0,False,3938,638
2018-45,2018,FUV2,38602316,12,4862,0.0863749462329573,18.9,6.0,True,186,3099
2018-46,2018,FUV2,38602319,16,4874,0.2185385804486579,18.9,6.0,False,3207,65
2018-47,2018,FUV1,38602325,14,4890,-0.0182587737709552,18.9,6.0,True,852,1886
2018-48,2018,FUV2,38602331,18,4904,0.1200073059382026,18.9,6.0,True,479,4059
2018-49,2018,FUV1,38602331,16,4922,0.0906094545491067,18.9,6.0,False,209,897
2018-50,2018,FUV1,38602331,14,4938,0.2111623703058173,18.9,6.0,True,937,141
2018-51,2018,FUV1,38602337,14,4952,0.2546884246381413,18.9,6.0,False,1277,635
2018-52,2018,FUV1,38602346,18,4966,1.554784098689303e-14,18.9,6.0,False,134,955
2018-53,2018,FUV2,38602352,16,4984,0.0851460723386768,18.9,6.0,False,3225,805
2018-54,2018,FUV1,38602355,13,5000,0.0720364471162573,18.9,6.0,False,256,180
2018-55,2018,FUV1,38602358,14,5013,0.013738097647004,18.9,6.0,False,1745,166
2018-56,2018,FUV2,38602364,13,5027,0.2980588203775974,18.9,6.0,False,3080,319
2018-57,2018,FUV2,38602364,13,5040,0.2791327761819493,18.9,6.0,False,3093,323
2018-58,2018,FUV1,38602379,31,5053,0.1824030818868225,18.9,6.0,False,1742,278
2018-59,2018,FUV1,38602379,16,5084,-0.0947514378710835,18.9,6.0,False,1716,1045
2018-60,2018,FUV2,38602388,13,5100,-0.1046933447778165,18.9,6.0,True,237,3022
2018-61,2018,FUV2,38602388,26,5113,-0.0649987850879704,18.9,6.0,True,345,3954
2018-62,2018,FUV2,38602388,18,5139,0.2344906648398481,18.9,6.0,False,3978,412
2018-63,2018,FUV2,38602394,18,5157,0.1067650062753949,18.9,6.0,False,3952,420
2018-64,2018,FUV2,38602397,21,5175,-0.0338018882868219,18.9,6.0,False,3075,327
2018-65,2018,FUV2,38602397,12,5196,-0.1604613123373286,18.9,6.0,True,702,2938
2018-66,2018,FUV1,38602400,17,5208,-0.2430800924668617,18.9,6.0,True,810,1763
2018-67,2018,FUV2,38602409,14,5225,-0.0645647779647632,18.9,6.0,True,94,3837
2018-68,2018,FUV1,38602424,13,5239,0.226629071242138,18.9,6.0,False,1293,843
2018-69,2018,FUV2,38602430,12,5252,0.100974259975493,18.9,6.0,False,3053,656
2018-70,2018,FUV1,38602439,21,5264,0.1765316820899104,18.9,6.0,True,349,1667
2018-71,2018,FUV1,38602439,15,5285,-0.0168124756505971,18.9,6.0,True,517,1833
2018-72,2018,FUV2,38602439,17,5300,-0.131035428016805,18.9,6.0,True,747,3547
2018-73,2018,FUV1,38602442,25,5317,-0.2732377378731121,18.9,6.0,False,1312,390
2018-74,2018,FUV2,38602442,34,5342,-0.0876554410485414,18.9,6.0,True,664,3716
2018-75,2018,FUV1,38602451,13,5376,0.0154333741857,18.9,6.0,True,73,334
2018-76,2018,FUV1,38602454,29,5389,0.2235149627945782,18.9,6.0,True,961,1878
2018-77,2018,FUV1,38602454,13,5418,0.2537172189967223,18.9,6.0,False,1907,982
2018-78,2018,FUV1,38602460,14,5431,-0.104637333747805,18.9,6.0,True,320,1306
2018-79,2018,FUV2,38602469,12,5445,0.1250608810603881,18.9,6.0,False,4043,1009
2018-80,2018,FUV1,38602475,14,5457,-0.0856996545525485,18.9,6.0,False,256,296
2018-81,2018,FUV1,38602481,16,5471,0.0953835019495704,18.9,6.0,True,204,108
2018-82,2018,FUV1,38602490,13,5487,0.1265184449344648,18.9,6.0,False,1365,490
2018-83,2018,FUV2,38602502,15,5500,0.1465666936472313,18.9,6.0,True,563,3077
2018-84,2018,FUV1,38602508,19,5515,0.2711756479182527,18.9,6.0,False,1450,499
2018-85,2018,FUV1,38602508,13,5534,0.3380968440579329,18.9,6.0,False,232,720
2018may-1,2018may,FUV2,39497364,19,5547,0.067284132464584,17.82,6.0,True,731,2929
2018may-2,2018may,FUV2,39497376,14,5566,-0.2435205128698525,17.82,6.0,False,3741,671
2018may-3,2018may,FUV2,39497376,21,5580,-0.1927344236063413,17.82,6.0,False,3939,855
2018may-4,2018may,FUV2,39497379,12,5601,-0.1791829916903826,17.82,6.0,False,4050,781
2018may-5,2018may,FUV2,39497382,13,5613,-0.2484651439928906,17.82,6.0,False,3632,245
2018may-6,2018may,FUV2,39497382,13,5626,-0.0365184124872687,17.82,6.0,True,690,3513
2018may-7,2018may,FUV2,39497388,18,5639,-0.2191320604262228,17.82,6.0,False,3863,828
2018may-8,2018may,FUV2,39497391,12,5657,0.0554706467471455,17.82,6.0,True,427,3580
2018may-9,2018may,FUV2,39497391,14,5669,-0.1099893369238244,17.82,6.0,False,3556,786
2018may-10,2018may,FUV1,39497397,14,5683,-0.2669667091071948,17.82,6.0,False,177,508
2018may-11,2018may,FUV2,39497400,14,5697,0.2786119047116809,17.82,6.0,False,3910,386
2018may-12,2018may,FUV2,39497403,12,5711,-0.2972451740473052,17.82,6.0,False,3918,522
2018may-13,2018may,FUV2,39497406,15,5723,0.3251609689406124,17.82,6.0,True,666,3728
2018may-14,2018may,FUV1,39497409,16,5738,-0.165543655746764,17.82,6.0,False,1432,795
2018may-15,2018may,FUV2,39497415,13,5754,-0.3366783398822684,17.82,6.0,True,266,3889
2018may-16,2018may,FUV2,39497415,13,5767,-0.2424208706774266,17.82,6.0,True,284,3612
2018may-17,2018may,FUV2,39497415,12,5780,-0.2735470297680764,17.82,6.0,False,3738,297
2018may-18,2018may,FUV2,39497418,12,5792,-0.1421008739615814,17.82,6.0,False,3711,531
2018may-19,2018may,FUV2,39497418,14,5804,0.2065303908562235,17.82,6.0,True,544,3032
2018may-20,2018may,FUV2,39497418,12,5818,-0.1546071728875112,17.82,6.0,True,548,3599
2018may-21,2018may,FUV2,39497418,14,5830,-0.0992311308285891,17.82,6.0,False,3848,619
2018may-22,2018may,FUV2,39497418,12,5844,-0.1344857856679844,17.82,6.0,True,725,3209
2018may-23,2018may,FUV2,39497418,12,5856,-0.3052843978254783,17.82,6.0,True,756,3911
2018may-24,2018may,FUV2,39497421,13,5868,-0.2057231684548184,17.82,6.0,True,457,2905
2018may-25,2018may,FUV2,39497421,13,5881,-0.2975103278203524,17.82,6.0,True,820,3021
2018may-26,2018may,FUV2,39497424,12,5894,-0.2070299261855824,17.82,6.0,True,778,3952
2018may-27,2018may,FUV2,39497424,15,5906,-0.2332599360393437,17.82,6.0,False,3704,781
2018may-28,2018may,FUV1,39497424,12,5921,-0.3102834498287429,17.82,6.0,True,857,1603
2018may-29,2018may,FUV2,39497427,13,5933,0.0790155624497497,17.82,6.0,False,3070,192
2018may-30,2018may,FUV1,39497427,13,5946,-0.3498246150579072,17.82,6.0,True,322,1437
2018may-31,2018may,FUV1,39497427,14,5959,-0.1837837240801259,17.82,6.0,True,370,1663
2018may-32,2018may,FUV2,39497427,15,5973,-0.0537441152794255,17.82,6.0,False,3515,419
2018may-33,2018may,FUV1,39497427,13,5988,-0.1802672263598505,17.82,6.0,True,586,1439
2018may-34,2018may,FUV2,39497427,13,6001,0.1266803216312707,17.82,6.0,True,811,2951
2018may-35,2018may,FUV2,39497427,12,6014,-0.0808843376378301,17.82,6.0,True,833,3754
2018may-36,2018may,FUV1,39497427,12,6026,-0.1171771522584706,17.82,6.0,True,852,1387
2018may-37,2018may,FUV2,39497430,14,6038,0.0970274771968818,17.82,6.0,True,394,3794
2018may-38,2018may,FUV2,39497430,15,6052,-0.0220049049328131,17.82,6.0,True,423,3903
2018may-39,2018may,FUV1,39497430,14,6067,-0.3314894739068626,17.82,6.0,True,464,1336
2018may-40,2018may,FUV2,39497430,12,6081,-0.3020924640959821,17.82,6.0,True,572,2991
2018may-41,2018may,FUV2,39497430,13,6093,-0.1864463648250723,17.82,6.0,True,604,3614
2018may-42,2018may,FUV2,39497430,13,6106,0.0234635712124376,17.82,6.0,True,669,4061
2018may-43,2018may,FUV1,39497430,12,6119,-0.177327052953203,17.82,6.0,True,715,1441
2018may-44,2018may,FUV2,39497430,17,6131,-0.2723769494759491,17.82,6.0,True,746,3668
2018may-45,2018may,FUV1,39497430,12,6148,-0.1119918195793062,17.82,6.0,True,803,1340
2018may-46,2018may,FUV2,39497430,13,6160,-0.2686306565046215,17.82,6.0,True,875,2973
2018may-47,2018may,FUV2,39497433,13,6173,-0.1764213005774926,17.82,6.0,True,196,3252
2018may-48,2018may,FUV2,39497433,12,6186,-0.2959492744841654,17.82,6.0,True,343,3913
2018may-49,2018may,FUV1,39497433,14,6198,-0.2677563249685122,17.82,6.0,True,403,1462
2018may-50,2018may,FUV2,39497433,15,6212,-0.2582154290604858,17.82,6.0,True,489,3591
2018may-51,2018may,FUV2,39497433,12,6227,-0.1022452527941062,17.82,6.0,True,588,3545
2018may-52,2018may,FUV1,39497433,13,6239,-0.1509485991147307,17.82,6.0,True,603,1899
2018may-53,2018may,FUV2,39497433,16,6252,-0.2577706762253731,17.82,6.0,True,699,3561
2018may-54,2018may,FUV2,39497433,16,6268,-0.1725475050745206,17.82,6.0,True,710,2907
2018may-55,2018may,FUV1,39497433,13,6284,-0.3496315572977716,17.82,6.0,True,761,1326
2018may-56,2018may,FUV2,39497436,13,6297,-0.1974811274256215,17.82,6.0,True,188,3130
2018may-57,2018may,FUV2,39497436,13,6310,-0.0924033548199256,17.82,6.0,True,213,3185
2018may-58,2018may,FUV2,39497436,13,6323,-0.1518474050731923,17.82,6.0,True,333,3785
2018may-59,2018may,FUV2,39497436,13,6336,0.2228081664310975,17.82,6.0,True,476,3595
2018may-60,2018may,FUV1,39497436,15,6349,-0.3263158766410245,17.82,6.0,True,495,1622
2018may-61,2018may,FUV2,39497436,15,6364,-0.2092564707529526,17.82,6.0,True,523,3553
2018may-62,2018may,FUV2,39497436,12,6379,-0.3314587101631971,17.82,6.0,True,625,4059
2018may-63,2018may,FUV2,39497436,13,6391,0.186312606468092,17.82,6.0,False,2981,775
2018may-64,2018may,FUV1,39497436,12,6404,-0.0170903381848648,17.82,6.0,True,823,1430
2018may-65,2018may,FUV2,39497436,13,6416,-0.2291316699690604,17.82,6.0,True,830,4009
2018may-66,2018may,FUV1,39497439,12,6429,-0.2066601861462956,17.82,6.0,True,213,1603
2018may-67,2018may,FUV2,39497439,15,6441,-0.3139773105866466,17.82,6.0,False,3028,320
2018may-68,2018may,FUV1,39497439,13,6456,-0.3296003580656257,17.82,6.0,False,1827,403
2018may-69,2018may,FUV1,39497439,13,6469,-0.3080127413324339,17.82,6.0,True,508,1454
2018may-70,2018may,FUV2,39497439,14,6482,0.0554222460464671,17.82,6.0,True,560,2949
2018may-71,2018may,FUV2,39497439,13,6496,0.2212225364696073,17.82,6.0,True,680,3561
2018may-72,2018may,FUV1,39497439,12,6509,-0.219513039375217,17.82,6.0,True,702,1772
2018may-73,2018may,FUV2,39497439,12,6521,-0.2975592579998027,17.82,6.0,True,716,3885
2018may-74,2018may,FUV2,39497439,12,6533,-0.1257332906813565,17.82,6.0,True,728,4002
2018may-75,2018may,FUV2,39497439,12,6545,-0.252713274547761,17.82,6.0,True,731,3048
2018may-76,2018may,FUV2,39497439,12,6557,-0.1723200747048512,17.82,6.0,True,732,4047
2018may-77,2018may,FUV1,39497439,16,6569,-0.0259466014044431,17.82,6.0,True,764,1637
2018may-78,2018may,FUV2,39497439,13,6585,-0.0540341932542945,17.82,6.0,True,810,3786
2018may-79,2018may,FUV2,39497439,13,6598,-0.259246300070787,17.82,6.0,True,867,3267
2018may-80,2018may,FUV1,39497442,14,6611,-0.2851426779756402,17.82,6.0,True,358,1870
2018may-81,2018may,FUV1,39497442,15,6625,-0.1888265923189235,17.82,6.0,True,430,1856
2018may-82,2018may,FUV2,39497442,13,6640,0.0567314632541319,17.82,6.0,True,447,3720
2018may-83,2018may,FUV1,39497442,12,6653,-0.3495659012013187,17.82,6.0,True,517,1343
2018may-84,2018may,FUV1,39497442,13,6665,-0.2052566936139675,17.82,6.0,True,536,1330
2018may-85,2018may,FUV2,39497442,12,6678,-0.0065706686402853,17.82,6.0,True,569,3929
2018may-86,2018may,FUV2,39497442,15,6690,-0.0741876059932664,17.82,6.0,True,656,3069
2018may-87,2018may,FUV2,39497442,17,6705,-0.1649349251332751,17.82,6.0,True,660,3886
2018may-88,2018may,FUV2,39497442,12,6722,-0.0126956739566206,17.82,6.0,True,680,3010
2018may-89,2018may,FUV1,39497442,14,6734,-0.1472901614171937,17.82,6.0,True,786,1618
2018may-90,2018may,FUV1,39497442,12,6748,-0.1175718339502791,17.82,6.0,True,890,1749
2018may-91,2018may,FUV1,39497445,15,6760,-0.1349264950377445,17.82,6.0,True,234,1855
2018may-92,2018may,FUV1,39497445,13,6775,-0.2990862678498642,17.82,6.0,True,246,267
2018may-93,2018may,FUV2,39497445,12,6788,-0.306995598465387,17.82,6.0,True,404,3028
2018may-94,2018may,FUV2,39497445,12,6800,-0.2006164103082294,17.82,6.0,True,592,3909
2018may-95,2018may,FUV2,39497445,17,6812,-0.1088452783705424,17.82,6.0,True,693,3071
2018may-96,2018may,FUV2,39497445,12,6829,-0.1416695544921577,17.82,6.0,True,763,3642
2018may-97,2018may,FUV2,39497448,14,6841,-0.2615628140950651,17.82,6.0,True,282,2952
2018may-98,2018may,FUV1,39497448,22,6855,-0.2065787391711299,17.82,6.0,True,386,1309
2018may-99,2018may,FUV2,39497448,22,6877,-0.1327234243878864,17.82,6.0,True,392,2929
2018may-100,2018may,FUV2,39497448,15,6899,0.1398127054516378,17.82,6.0,True,653,2934
2018may-101,2018may,FUV2,39497448,12,6914,-0.3375123555680847,17.82,6.0,True,658,3160
2018may-102,2018may,FUV2,39497448,12,6926,-0.0530654442408701,17.82,6.0,False,3028,771
2018may-103,2018may,FUV2,39497448,13,6938,-0.0469770786004087,17.82,6.0,True,779,3237
2018may-104,2018may,FUV1,39497451,13,6951,-0.215539940779575,17.82,6.0,True,213,1254
2018may-105,2018may,FUV1,39497451,13,6964,-0.2662048147313486,17.82,6.0,True,219,1316
2018may-106,2018may,FUV2,39497451,15,6977,-0.1723111464256112,17.82,6.0,True,254,2921
2018may-107,2018may,FUV2,39497451,13,6992,0.1329882769168781,17.82,6.0,False,3563,368
2018may-108,2018may,FUV2,39497451,14,7005,0.0167441526470881,17.82,6.0,True,389,2931
2018may-109,2018may,FUV2,39497451,17,7019,-0.0946870267368644,17.82,6.0,True,451,3072
2018may-110,2018may,FUV1,39497451,14,7036,-0.2710974767658718,17.82,6.0,True,555,1432
2018may-111,2018may,FUV1,39497451,15,7050,-0.2746836838300188,17.82,6.0,True,572,200
2018may-112,2018may,FUV2,39497451,16,7065,-0.3115465205471489,17.82,6.0,True,621,3904
2018may-113,2018may,FUV1,39497451,12,7081,-0.2933600584118764,17.82,6.0,True,638,291
2018may-114,2018may,FUV2,39497451,15,7093,-0.2066124684424486,17.82,6.0,True,654,3017
2018may-115,2018may,FUV1,39497451,13,7108,-0.2149340012184464,17.82,6.0,True,679,1633
2018may-116,2018may,FUV2,39497451,13,7121,0.030182561002073,17.82,6.0,True,882,3952
2018may-117,2018may,FUV1,39497454,14,7134,-0.3089597736951457,17.82,6.0,True,190,1431
2018may-118,2018may,FUV1,39497454,16,7148,-0.0734004585753522,17.82,6.0,True,230,1609
2018may-119,2018may,FUV1,39497454,14,7164,-0.1646282703625728,17.82,6.0,True,441,1257
2018may-120,2018may,FUV2,39497454,14,7178,0.0071130451165644,17.82,6.0,True,557,3892
2018may-121,2018may,FUV2,39497454,18,7192,-0.1052444523884193,17.82,6.0,True,581,4025
2018may-122,2018may,FUV1,39497457,12,7210,-0.1709023775019422,17.82,6.0,True,193,1820
2018may-123,2018may,FUV2,39497457,13,7222,-0.2766337912111318,17.82,6.0,True,204,2998
2018may-124,2018may,FUV1,39497457,13,7235,-0.1559928958677328,17.82,6.0,True,240,1306
2018may-125,2018may,FUV1,39497457,15,7248,-0.262682169697075,17.82,6.0,True,356,1449
2018may-126,2018may,FUV1,39497457,12,7263,-0.1399715531333521,17.82,6.0,True,377,1906
2018may-127,2018may,FUV2,39497457,13,7275,0.042978035658172,17.82,6.0,True,394,3172
2018may-128,2018may,FUV2,39497457,15,7288,-0.2454371832590335,17.82,6.0,True,431,3539
2018may-129,2018may,FUV2,39497457,15,7303,-0.3407962170594813,17.82,6.0,True,437,4030
2018may-130,2018may,FUV2,39497457,15,7318,-0.2639852607492425,17.82,6.0,True,485,3855
2018may-131,2018may,FUV2,39497457,24,7333,0.0760558509680536,17.82,6.0,True,606,3168
2018may-132,2018may,FUV2,39497457,13,7357,-0.2235109770899044,17.82,6.0,True,794,3203
2018may-133,2018may,FUV2,39497457,12,7370,-0.1775706947652262,17.82,6.0,True,831,3065
2018may-134,2018may,FUV1,39497460,14,7382,-0.110094776040395,17.82,6.0,True,190,1867
2018may-135,2018may,FUV2,39497460,12,7396,-0.0923527136068713,17.82,6.0,True,209,3716
2018may-136,2018may,FUV2,39497460,16,7408,0.1185947038367553,17.82,6.0,True,222,3134
2018may-137,2018may,FUV2,39497460,20,7424,-0.0273993178887104,17.82,6.0,True,270,3164
2018may-138,2018may,FUV1,39497460,23,7444,-0.218017635013299,17.82,6.0,True,420,179
2018may-139,2018may,FUV2,39497460,17,7467,-0.2264912286866672,17.82,6.0,True,442,4035
2018may-140,2018may,FUV1,39497460,12,7484,-0.1640280666793306,17.82,6.0,True,454,1362
2018may-141,2018may,FUV1,39497460,12,7496,-0.2198751213425513,17.82,6.0,True,516,1427
2018may-142,2018may,FUV2,39497460,12,7508,-0.1697742240034357,17.82,6.0,True,535,3215
2018may-143,2018may,FUV2,39497460,13,7520,-0.1514357594715946,17.82,6.0,True,660,3511
2018may-144,2018may,FUV2,39497460,28,7533,0.1282997959575736,17.82,6.0,True,704,3267
2018may-145,2018may,FUV2,39497460,12,7561,-0.0898438022118321,17.82,6.0,True,887,3267
2018may-146,2018may,FUV2,39497463,18,7573,-0.0903807424516413,17.82,6.0,True,191,3902
2018may-147,2018may,FUV1,39497463,33,7591,0.02567989259102,17.82,6.0,True,200,242
2018may-148,2018may,FUV2,39497463,12,7624,-0.1027545100889904,17.82,6.0,True,255,3956
2018may-149,2018may,FUV1,39497463,12,7636,-0.3280714788111353,17.82,6.0,True,261,1317
2018may-150,2018may,FUV2,39497463,14,7648,-0.0461096754584911,17.82,6.0,True,441,3731
2018may-151,2018may,FUV1,39497463,28,7662,-0.0575420005956841,17.82,6.0,True,507,382
2018may-152,2018may,FUV1,39497463,12,7690,-0.0619740411429787,17.82,6.0,True,545,361
2018may-153,2018may,FUV1,39497463,15,7702,0.0546325166634714,17.82,6.0,True,566,1258
2018may-154,2018may,FUV2,39497463,12,7717,-0.1444672238337273,17.82,6.0,True,665,2972
2018may-155,2018may,FUV2,39497463,17,7729,0.21805346378981,17.82,6.0,True,712,3889
2018may-156,2018may,FUV2,39497463,22,7746,-0.234450568273479,17.82,6.0,True,761,3857
2018may-157,2018may,FUV2,39497463,12,7768,-0.04145077114203,17.82,6.0,True,797,3709
2018may-158,2018may,FUV1,39497463,13,7780,-0.0751251400418502,17.82,6.0,True,839,1700
2018may-159,2018may,FUV1,39497463,15,7793,-0.0249563478125095,17.82,6.0,True,842,1823
2018may-160,2018may,FUV2,39497466,14,7808,-0.1063760765924178,17.82,6.0,True,304,3704
2018may-161,2018may,FUV1,39497466,13,7822,0.0045413462834371,17.82,6.0,True,307,293
2018may-162,2018may,FUV1,39497466,14,7835,-0.0731502154406763,17.82,6.0,True,390,1624
2018may-163,2018may,FUV2,39497466,14,7849,-0.2833958427885037,17.82,6.0,True,493,3073
2018may-164,2018may,FUV1,39497466,12,7863,0.1768142792630115,17.82,6.0,True,522,1322
2018may-165,2018may,FUV1,39497466,15,7875,-0.3249807556029767,17.82,6.0,True,536,1604
2018may-166,2018may,FUV2,39497466,12,7890,0.2080131466226964,17.82,6.0,True,622,3944
2018may-167,2018may,FUV2,39497466,18,7902,-0.0780264554053124,17.82,6.0,True,651,2905
2018may-168,2018may,FUV1,39497466,25,7920,-0.133978987650728,17.82,6.0,True,750,377
2018may-169,2018may,FUV2,39497466,16,7945,-0.266588809983347,17.82,6.0,True,750,3914
2018may-170,2018may,FUV2,39497466,15,7961,0.1921304826898851,17.82,6.0,True,827,3751
2018may-171,2018may,FUV2,39497466,25,7976,-0.2639081852014114,17.82,6.0,True,828,4057
2018may-172,2018may,FUV1,39497469,17,8001,0.01552532319459,17.82,6.0,True,207,1632
2018may-173,2018may,FUV2,39497469,19,8018,-0.1465248097039179,17.82,6.0,True,241,3136
2018may-174,2018may,FUV2,39497469,16,8037,0.2221718705877352,17.82,6.0,True,280,3986
2018may-175,2018may,FUV1,39497469,16,8053,0.019162005202775,17.82,6.0,True,464,1610
2018may-176,2018may,FUV2,39497469,12,8069,-0.2809861432845804,17.82,6.0,True,746,3955
2018may-177,2018may,FUV2,39497469,13,8081,0.1516084692046991,17.82,6.0,True,816,3712
2018may-178,2018may,FUV2,39497472,13,8094,-0.1943159088480325,17.82,6.0,True,250,2959
2018may-179,2018may,FUV2,39497472,15,8107,-0.0095253966458936,17.82,6.0,True,261,3544
2018may-180,2018may,FUV1,39497472,13,8122,0.062225287309231,17.82,6.0,True,451,201
2018may-181,2018may,FUV1,39497472,23,8135,0.1374622346052846,17.82,6.0,True,729,1707
2018may-182,2018may,FUV2,39497472,14,8158,-0.0181336099496121,17.82,6.0,True,804,3584
2018may-183,2018may,FUV2,39497472,12,8172,0.2370746593066147,17.82,6.0,True,883,4051
2018may-184,2018may,FUV1,39497475,12,8184,-0.0542373168892317,17.82,6.0,True,467,1783
2018may-185,2018may,FUV2,39497475,16,8196,0.013208064583555,17.82,6.0,True,762,3066
2018may-186,2018may,FUV1,39497475,15,8212,0.1236428562876424,17.82,6.0,True,837,1863
2018may-187,2018may,FUV2,39497478,12,8227,0.2673597978239077,17.82,6.0,True,244,3599
2018may-188,2018may,FUV2,39497478,14,8239,-0.1872547586993917,17.82,6.0,True,278,3940
2018may-189,2018may,FUV2,39497478,13,8253,0.1306725984747426,17.82,6.0,True,410,2991
2018may-190,2018may,FUV1,39497478,19,8266,-0.0732903424285296,17.82,6.0,False,1734,417
2018may-191,2018may,FUV2,39497478,13,8285,0.3242640379647871,17.82,6.0,True,450,3169
2018may-192,2018may,FUV1,39497478,17,8298,3.672848466117284e-15,17.82,6.0,True,583,426
2018may-193,2018may,FUV2,39497478,12,8315,0.1290216214197817,17.82,6.0,False,3576,875
2018may-194,2018may,FUV2,39497481,12,8327,0.27845156948912,17.82,6.0,True,253,2968
2018may-195,2018may,FUV2,39497481,17,8339,0.0079626409071979,17.82,6.0,True,621,3960
2018may-196,2018may,FUV2,39497481,13,8356,-0.0098762874025898,17.82,6.0,True,642,3653
2018may-197,2018may,FUV2,39497484,21,8369,0.0982668236864589,17.82,6.0,True,440,3591
2018may-198,2018may,FUV2,39497484,13,8390,0.1564221285851832,17.82,6.0,True,630,2920
2018may-199,2018may,FUV1,39497484,21,8403,-0.1672969525586004,17.82,6.0,True,785,126
2018may-200,2018may,FUV2,39497484,13,8424,-0.0592535891376961,17.82,6.0,True,862,3999
2018may-201,2018may,FUV2,39497487,19,8437,0.2244872635772106,17.82,6.0,True,644,3538
2018may-202,2018may,FUV1,39497490,17,8456,0.2511030768489069,17.82,6.0,True,452,346
2018may-203,2018may,FUV1,39497490,14,8473,0.2807509070838245,17.82,6.0,True,483,154
2018may-204,2018may,FUV1,39497493,15,8487,0.2614811762338587,17.82,6.0,True,456,1785
2018may-205,2018may,FUV1,39497496,14,8502,-0.0760347518631658,17.82,6.0,True,463,259
2018may-206,2018may,FUV1,39497523,25,8516,0.0197253925681755,17.82,6.0,True,720,400
2018may-207,2018may,FUV2,39498420,13,8541,-0.2209793996828695,17.82,6.0,False,3875,734
2018may-208,2018may,FUV2,39498423,14,8554,-0.1126910219365841,17.82,6.0,False,3596,225
2018may-209,2018may,FUV2,39498426,14,8568,-0.321875574773999,17.82,6.0,False,4018,346
2018may-210,2018may,FUV1,39498426,13,8582,-0.1845997755191504,17.82,6.0,True,472,1370
2018may-211,2018may,FUV1,39498426,27,8595,-0.1169653175283806,17.82,6.0,True,485,1365
2018may-212,2018may,FUV2,39498429,17,8622,-0.0199112984219067,17.82,6.0,True,440,3709
2018may-213,2018may,FUV2,39498432,13,8639,0.1192818459221494,17.82,6.0,True,218,3550
2018may-214,2018may,FUV2,39498435,12,8652,-0.3057388744320679,17.82,6.0,False,2926,765
2018may-215,2018may,FUV2,39498435,12,8664,-0.1404924785113726,17.82,6.0,False,2952,823
2018may-216,2018may,FUV2,39498438,12,8676,-0.2547266342422443,17.82,6.0,False,3660,516
2018may-217,2018may,FUV2,39498438,16,8688,-0.2989832207584592,17.82,6.0,False,3556,859
2018may-218,2018may,FUV2,39498447,12,8704,0.1756318914613933,17.82,6.0,True,580,3524
2018may-219,2018may,FUV2,39498447,17,8716,0.0569965072164507,17.82,6.0,False,3931,696
2018may-220,2018may,FUV2,39498456,14,8733,-0.003104964292756,17.82,6.0,True,236,2940
2018may-221,2018may,FUV1,39498456,13,8747,-0.0650563175945034,17.82,6.0,True,764,205
2018may-222,2018may,FUV2,39498459,14,8760,-0.3326920793533653,17.82,6.0,False,4047,283
2018may-223,2018may,FUV2,39498459,12,8774,-0.1134995995678791,17.82,6.0,False,3588,762
2018may-224,2018may,FUV2,39498459,18,8786,0.0417173846316222,17.82,6.0,True,815,3643
2018may-225,2018may,FUV1,39498462,15,8804,-0.2990073367665851,17.82,6.0,True,480,1324
2018may-226,2018may,FUV1,39498462,15,8819,-0.0487699146883445,17.82,6.0,True,805,375
2018may-227,2018may,FUV2,39498465,12,8834,0.2997327126151928,17.82,6.0,True,548,3059
2018may-228,2018may,FUV1,39498468,17,8846,-0.3331572852653487,17.82,6.0,True,341,1335
2018may-229,2018may,FUV2,39498468,14,8863,0.2195381778649758,17.82,6.0,False,3949,743
2018may-230,2018may,FUV1,39498468,13,8877,-0.1002678197306981,17.82,6.0,False,1324,857
2018may-231,2018may,FUV1,39498471,12,8890,0.0212673919103784,17.82,6.0,True,233,1905
2018may-232,2018may,FUV2,39498471,12,8902,-0.229917092279891,17.82,6.0,False,3143,354
2018may-233,2018may,FUV2,39498471,16,8914,0.2230052980390828,17.82,6.0,True,355,3255
2018may-234,2018may,FUV2,39498471,15,8930,-0.2238647357997366,17.82,6.0,True,589,3547
2018may-235,2018may,FUV2,39498474,16,8945,0.0779001102947449,17.82,6.0,True,218,3522
2018may-236,2018may,FUV1,39498474,20,8961,0.0494070725919988,17.82,6.0,True,303,1281
2018may-237,2018may,FUV1,39498474,14,8981,0.0634611310777926,17.82,6.0,True,321,1902
2018may-238,2018may,FUV2,39498474,14,8995,-0.2133341414543419,17.82,6.0,True,417,2934
2018may-239,2018may,FUV1,39498474,21,9009,0.0330210934019267,17.82,6.0,True,724,1866
2018may-240,2018may,FUV2,39498474,13,9030,-0.2490851718045685,17.82,6.0,True,860,3058
2018may-241,2018may,FUV2,39498474,13,9043,-0.2999677359532822,17.82,6.0,True,886,3629
2018may-242,2018may,FUV1,39498477,13,9056,-0.3488764685290833,17.82,6.0,True,329,1816
2018may-243,2018may,FUV2,39498477,17,9069,-0.3392544924992108,17.82,6.0,True,704,3906
2018may-244,2018may,FUV2,39498477,12,9086,0.0596606610984781,17.82,6.0,True,719,3958
2018may-245,2018may,FUV2,39498477,16,9098,-0.1063592408263613,17.82,6.0,False,2930,820
2018may-246,2018may,FUV2,39498477,12,9114,0.1982404117398388,17.82,6.0,True,845,3188
2018may-247,2018may,FUV2,39498477,13,9126,0.1404226935943393,17.82,6.0,True,864,3139
2018may-248,2018may,FUV2,39498477,13,9139,0.1682080484302192,17.82,6.0,False,3158,894
2018may-249,2018may,FUV1,39498480,17,9152,-0.1934408227001334,17.82,6.0,True,264,1335
2018may-250,2018may,FUV1,39498480,14,9169,-0.0141263159842825,17.82,6.0,True,332,290
2018may-251,2018may,FUV1,39498480,12,9183,-0.2978103871144033,17.82,6.0,True,335,1336
2018may-252,2018may,FUV1,39498480,13,9195,-0.3367817907204199,17.82,6.0,True,351,1816
2018may-253,2018may,FUV1,39498480,12,9208,0.0661912730877232,17.82,6.0,False,1606,637
2018may-254,2018may,FUV2,39498480,13,9220,-0.2450728160709258,17.82,6.0,True,678,2918
2018may-255,2018may,FUV1,39498483,22,9233,-0.2249893662997022,17.82,6.0,True,350,1452
2018may-256,2018may,FUV2,39498483,13,9255,-0.0236086109862224,17.82,6.0,True,491,3181
2018may-257,2018may,FUV2,39498483,16,9268,-0.1131203743206544,17.82,6.0,True,492,3263
2018may-258,2018may,FUV2,39498483,12,9284,0.0565567360935633,17.82,6.0,True,610,3588
2018may-259,2018may,FUV2,39498483,20,9296,0.1304296185031832,17.82,6.0,True,676,4016
2018may-260,2018may,FUV2,39498483,18,9316,-0.2789980000653413,17.82,6.0,True,862,3014
2018may-261,2018may,FUV2,39498486,12,9334,0.063222156005364,17.82,6.0,True,251,2988
2018may-262,2018may,FUV1,39498486,12,9346,-0.3016324764292974,17.82,6.0,True,266,1322
2018may-263,2018may,FUV1,39498486,16,9358,-0.0495373260365418,17.82,6.0,True,309,1279
2018may-264,2018may,FUV1,39498486,12,9374,-0.081942462658784,17.82,6.0,True,409,1258
2018may-265,2018may,FUV1,39498486,12,9386,-0.227176823319452,17.82,6.0,True,506,1310
2018may-266,2018may,FUV1,39498486,16,9398,-0.1728616370395083,17.82,6.0,True,762,1892
2018may-267,2018may,FUV2,39498486,12,9414,-0.2210221714519736,17.82,6.0,True,849,2925
2018may-268,2018may,FUV2,39498486,15,9426,-0.1011609070056919,17.82,6.0,True,862,3000
2018may-269,2018may,FUV2,39498489,12,9441,-0.3365420913250054,17.82,6.0,True,359,3208
2018may-270,2018may,FUV1,39498489,18,9453,-0.1365162299285002,17.82,6.0,True,380,1685
2018may-271,2018may,FUV2,39498489,14,9471,-0.3345443018683896,17.82,6.0,True,434,3048
2018may-272,2018may,FUV2,39498489,13,9485,0.1340471423342321,17.82,6.0,True,449,3956
2018may-273,2018may,FUV2,39498489,12,9498,-0.3243266652896956,17.82,6.0,True,601,3613
2018may-274,2018may,FUV2,39498489,14,9510,0.0755132640485032,17.82,6.0,False,3900,773
2018may-275,2018may,FUV2,39498489,12,9524,-0.1831592370208817,17.82,6.0,True,793,3946
2018may-276,2018may,FUV2,39498489,13,9536,-0.0197981112262303,17.82,6.0,True,797,3542
2018may-277,2018may,FUV2,39498489,13,9549,0.2520332156717615,17.82,6.0,True,815,3633
2018may-278,2018may,FUV2,39498492,13,9562,-0.2342975726351248,17.82,6.0,True,222,3508
2018may-279,2018may,FUV1,39498492,12,9575,-0.216554461881884,17.82,6.0,True,395,1783
2018may-280,2018may,FUV2,39498492,12,9587,-0.0314297686355496,17.82,6.0,True,448,3035
2018may-281,2018may,FUV2,39498492,15,9599,-0.2670108682521931,17.82,6.0,True,557,2943
2018may-282,2018may,FUV2,39498492,21,9614,-0.1822922464470416,17.82,6.0,True,698,3548
2018may-283,2018may,FUV2,39498492,12,9635,-0.2228254884670359,17.82,6.0,True,863,3540
2018may-284,2018may,FUV2,39498492,13,9647,0.037036354613846,17.82,6.0,True,870,2964
2018may-285,2018may,FUV2,39498492,12,9660,0.3266282947441499,17.82,6.0,False,3024,891
2018may-286,2018may,FUV1,39498492,12,9672,-0.013120959295021,17.82,6.0,True,896,1252
2018may-287,2018may,FUV1,39498495,17,9684,-0.2380728640524254,17.82,6.0,True,201,1888
2018may-288,2018may,FUV1,39498495,12,9701,-0.3421238467459995,17.82,6.0,True,238,1767
2018may-289,2018may,FUV2,39498495,15,9713,-0.0488591412764156,17.82,6.0,True,283,3632
2018may-290,2018may,FUV1,39498495,15,9728,-0.1368898875838543,17.82,6.0,True,290,202
2018may-291,2018may,FUV2,39498495,18,9743,-0.3273290030252898,17.82,6.0,True,318,3155
2018may-292,2018may,FUV1,39498495,19,9761,0.043868482685164,17.82,6.0,True,319,427
2018may-293,2018may,FUV1,39498495,13,9780,-0.2634672939570547,17.82,6.0,True,343,358
2018may-294,2018may,FUV1,39498495,17,9793,-0.303093966734854,17.82,6.0,True,348,1321
2018may-295,2018may,FUV2,39498495,12,9810,-0.2386511668559834,17.82,6.0,True,635,3142
2018may-296,2018may,FUV1,39498495,14,9822,-0.0449965417248269,17.82,6.0,True,692,1324
2018may-297,2018may,FUV2,39498495,13,9836,0.1758716426250234,17.82,6.0,False,3876,798
2018may-298,2018may,FUV2,39498498,14,9849,-0.0407153589857452,17.82,6.0,True,188,3923
2018may-299,2018may,FUV1,39498498,13,9863,0.1173509898395566,17.82,6.0,True,241,1304
2018may-300,2018may,FUV1,39498498,16,9876,-0.2836798303586952,17.82,6.0,True,261,187
2018may-301,2018may,FUV1,39498498,17,9892,-0.0732859027903748,17.82,6.0,True,468,1332
2018may-302,2018may,FUV1,39498498,14,9909,-0.2404769768297132,17.82,6.0,True,525,1762
2018may-303,2018may,FUV2,39498498,12,9923,0.1129882717035034,17.82,6.0,True,582,3262
2018may-304,2018may,FUV2,39498498,12,9935,-0.0948871105573635,17.82,6.0,True,616,3789
2018may-305,2018may,FUV2,39498498,34,9947,0.0860275397850878,17.82,6.0,True,618,4025
2018may-306,2018may,FUV1,39498498,13,9981,0.0744996631283005,17.82,6.0,True,686,1709
2018may-307,2018may,FUV2,39498498,14,9994,-0.130852824277724,17.82,6.0,True,727,3567
2018may-308,2018may,FUV2,39498498,17,10008,-0.1789878445177632,17.82,6.0,True,871,3174
2018may-309,2018may,FUV2,39498501,13,10025,-0.0290102812334182,17.82,6.0,True,245,3583
2018may-310,2018may,FUV1,39498501,19,10038,-0.2206938059334404,17.82,6.0,True,347,268
2018may-311,2018may,FUV2,39498501,20,10057,-0.1355107896080055,17.82,6.0,True,389,3038
2018may-312,2018may,FUV1,39498501,12,10077,-0.0040220396512769,17.82,6.0,True,505,1282
2018may-313,2018may,FUV2,39498501,13,10089,-0.2826450860832471,17.82,6.0,True,538,3066
2018may-314,2018may,FUV1,39498501,14,10102,-0.1721231624991205,17.82,6.0,True,608,1617
2018may-315,2018may,FUV2,39498501,16,10116,0.0177842133115916,17.82,6.0,True,724,3594
2018may-316,2018may,FUV2,39498501,16,10132,-0.3068684113314462,17.82,6.0,True,743,3634
2018may-317,2018may,FUV2,39498504,18,10148,0.0529029532615436,17.82,6.0,True,255,3852
2018may-318,2018may,FUV2,39498504,15,10166,0.1368235949863965,17.82,6.0,False,4055,349
2018may-319,2018may,FUV1,39498504,12,10181,0.166776043851989,17.82,6.0,True,382,412
2018may-320,2018may,FUV1,39498504,13,10193,0.0170233440094126,17.82,6.0,True,455,1905
2018may-321,2018may,FUV2,39498504,16,10206,-0.0681161210667376,17.82,6.0,True,501,4037
2018may-322,2018may,FUV1,39498504,13,10222,0.0845852626590364,17.82,6.0,True,528,116
2018may-323,2018may,FUV2,39498504,12,10235,-0.0929039955266276,17.82,6.0,True,584,3610
2018may-324,2018may,FUV1,39498504,14,10247,-0.0214415855494107,17.82,6.0,True,593,1455
2018may-325,2018may,FUV2,39498504,12,10261,0.0411739102939829,17.82,6.0,True,624,3612
2018may-326,2018may,FUV1,39498504,14,10273,-0.0487256739096594,17.82,6.0,True,640,288
2018may-327,2018may,FUV2,39498504,18,10287,0.1009244350052501,17.82,6.0,True,640,3035
2018may-328,2018may,FUV2,39498504,13,10305,-0.1157370720058186,17.82,6.0,True,671,3950
2018may-329,2018may,FUV2,39498504,13,10318,-0.1490952112356967,17.82,6.0,False,2916,782
2018may-330,2018may,FUV2,39498504,12,10331,0.0338439418459089,17.82,6.0,True,800,3912
2018may-331,2018may,FUV1,39498504,13,10343,-0.085805909794745,17.82,6.0,True,842,362
2018may-332,2018may,FUV2,39498504,12,10356,-0.183199934268697,17.82,6.0,True,843,3610
2018may-333,2018may,FUV1,39498507,15,10368,0.0284142470406881,17.82,6.0,True,341,1747
2018may-334,2018may,FUV1,39498507,12,10383,0.0872791502854993,17.82,6.0,True,406,1321
2018may-335,2018may,FUV1,39498507,46,10395,-0.0465220760153264,17.82,6.0,True,457,199
2018may-336,2018may,FUV2,39498507,13,10441,0.1201346028071311,17.82,6.0,True,507,3572
2018may-337,2018may,FUV2,39498507,13,10454,-0.0565834179147048,17.82,6.0,True,589,3043
2018may-338,2018may,FUV2,39498507,12,10467,-0.0774757226271547,17.82,6.0,True,623,3518
2018may-339,2018may,FUV2,39498507,19,10479,0.0980684423984646,17.82,6.0,True,847,3947
2018may-340,2018may,FUV2,39498507,14,10498,-0.09746700373129,17.82,6.0,True,888,2974
2018may-341,2018may,FUV1,39498510,12,10512,-0.0089443924895335,17.82,6.0,True,196,257
2018may-342,2018may,FUV1,39498510,12,10524,-0.0944803738460871,17.82,6.0,True,223,1641
2018may-343,2018may,FUV1,39498510,14,10536,-0.1002375719870214,17.82,6.0,True,264,1770
2018may-344,2018may,FUV1,39498510,15,10550,0.0968482508215014,17.82,6.0,True,456,1425
2018may-345,2018may,FUV2,39498510,15,10565,0.0511742523451653,17.82,6.0,True,500,3565
2018may-346,2018may,FUV2,39498510,13,10580,-0.2070292874924528,17.82,6.0,True,534,2940
2018may-347,2018may,FUV2,39498510,14,10593,0.0313118845177907,17.82,6.0,True,592,3018
2018may-348,2018may,FUV2,39498510,15,10607,-0.0471308751301183,17.82,6.0,True,601,3987
2018may-349,2018may,FUV2,39498510,13,10622,0.2647236332635453,17.82,6.0,True,665,4038
2018may-350,2018may,FUV2,39498510,13,10635,-0.09235826613363,17.82,6.0,True,700,3178
2018may-351,2018may,FUV2,39498510,21,10648,-0.275138158650353,17.82,6.0,True,757,3793
2018may-352,2018may,FUV2,39498510,13,10669,-0.0887591117765219,17.82,6.0,True,847,3674
2018may-353,2018may,FUV2,39498510,14,10682,0.1187235544160889,17.82,6.0,True,892,3785
2018may-354,2018may,FUV2,39498513,14,10696,0.1649125245153671,17.82,6.0,True,331,3564
2018may-355,2018may,FUV1,39498513,12,10710,0.2497215325239678,17.82,6.0,True,343,1284
2018may-356,2018may,FUV1,39498513,12,10722,0.3106267842784117,17.82,6.0,True,386,1453
2018may-357,2018may,FUV2,39498513,13,10734,0.1276295520950879,17.82,6.0,True,418,2987
2018may-358,2018may,FUV1,39498513,12,10747,0.1052986247960757,17.82,6.0,True,575,1752
2018may-359,2018may,FUV2,39498513,12,10759,0.1237758943783646,17.82,6.0,True,691,3727
2018may-360,2018may,FUV2,39498513,17,10771,0.0974646921996613,17.82,6.0,True,703,3511
2018may-361,2018may,FUV2,39498513,13,10788,0.2844779031913267,17.82,6.0,True,744,3751
2018may-362,2018may,FUV1,39498513,22,10801,-0.0023736043066182,17.82,6.0,True,843,1825
2018may-363,2018may,FUV2,39498513,14,10823,-0.0360960376510316,17.82,6.0,True,843,3082
2018may-364,2018may,FUV1,39498516,14,10837,-0.0717143850729344,17.82,6.0,True,443,1790
2018may-365,2018may,FUV2,39498516,13,10851,-0.1232722868549438,17.82,6.0,True,493,4004
2018may-366,2018may,FUV1,39498516,23,10864,0.0222439217578537,17.82,6.0,True,499,1323
2018may-367,2018may,FUV1,39498516,12,10887,-0.0147750146024763,17.82,6.0,True,686,1461
2018may-368,2018may,FUV1,39498516,12,10899,0.0244611180024315,17.82,6.0,True,733,1408
2018may-369,2018may,FUV1,39498516,14,10911,0.2654421520587013,17.82,6.0,True,808,351
2018may-370,2018may,FUV1,39498519,12,10925,0.2122825618790681,17.82,6.0,True,331,1266
2018may-371,2018may,FUV2,39498519,13,10937,-0.0450166117627579,17.82,6.0,True,369,2939
2018may-372,2018may,FUV2,39498519,17,10950,0.1387347264801454,17.82,6.0,True,599,3168
2018may-373,2018may,FUV2,39498519,35,10967,0.1385362694511244,17.82,6.0,True,618,3960
2018may-374,2018may,FUV2,39498519,13,11002,0.05485501981294,17.82,6.0,True,627,3234
2018may-375,2018may,FUV2,39498519,15,11015,-0.007680010107221,17.82,6.0,True,741,3894
2018may-376,2018may,FUV2,39498519,12,11030,0.2740823379768385,17.82,6.0,True,854,2951
2018may-377,2018may,FUV2,39498522,15,11042,0.2574016541486685,17.82,6.0,True,202,2907
2018may-378,2018may,FUV1,39498522,26,11057,0.120436087405878,17.82,6.0,True,336,427
2018may-379,2018may,FUV1,39498522,12,11083,0.110257923004969,17.82,6.0,True,512,1433
2018may-380,2018may,FUV2,39498522,12,11095,-0.0455274058539533,17.82,6.0,True,616,2929
2018may-381,2018may,FUV2,39498522,15,11107,0.1801041723150172,17.82,6.0,True,776,3789
2018may-382,2018may,FUV2,39498522,13,11122,0.1250811861678326,17.82,6.0,True,793,3776
2018may-383,2018may,FUV2,39498525,19,11135,0.1102711613870733,17.82,6.0,True,544,2932
2018may-384,2018may,FUV1,39498525,13,11154,-0.0140029915569066,17.82,6.0,True,583,1699
2018may-385,2018may,FUV2,39498525,13,11167,0.1706244158616248,17.82,6.0,True,835,3938
2018may-386,2018may,FUV1,39498528,12,11180,0.0455906800908009,17.82,6.0,True,192,1773
2018may-387,2018may,FUV1,39498528,17,11192,-0.0651351131903584,17.82,6.0,True,273,1397
2018may-388,2018may,FUV1,39498531,16,11209,0.2193740486628299,17.82,6.0,True,268,1429
2018may-389,2018may,FUV1,39498531,18,11225,0.2635920556658075,17.82,6.0,True,297,198
2018may-390,2018may,FUV2,39498531,18,11243,0.1343712200802634,17.82,6.0,True,877,3611
2018may-391,2018may,FUV2,39498534,15,11261,-0.2233588590739988,17.82,6.0,False,3866,323
2018may-392,2018may,FUV2,39498534,19,11276,0.13116355857553,17.82,6.0,False,3172,348
2018may-393,2018may,FUV1,39498543,14,11295,0.1057430298474828,17.82,6.0,False,386,386
2018may-394,2018may,FUV1,39499548,16,11309,-0.3405480308198755,17.82,6.0,True,741,1397
2018may-395,2018may,FUV2,39499551,14,11325,0.1908833801372321,17.82,6.0,True,760,3590
sji-1,sji,SJI,39497356,14,11339,-0.3124445298241249,26.6867995262146,18.0,False,699,482
sji-2,sji,SJI,39497374,22,11353,0.0547759387224955,26.6867995262146,18.0,False,242,325
sji-3,sji,SJI,39497380,25,11375,-0.2883148049813655,26.6867995262146,18.0,False,701,316
sji-4,sji,SJI,39497392,12,11400,0.0505171295957386,26.6867995262146,18.0,False,387,412
sji-5,sji,SJI,39497392,16,11412,-0.2803993557633044,26.6867995262146,18.0,False,239,453
sji-6,sji,SJI,39497410,13,11428,-0.2232634638241355,26.6867995262146,18.0,False,453,339
sji-7,sji,SJI,39497410,14,11441,-0.308238815427062,26.6867995262146,18.0,False,822,360
sji-8,sji,SJI,39497416,14,11455,-0.210311581441052,26.6867995262146,18.0,False,230,256
sji-9,sji,SJI,39497422,18,11469,-0.2420628812371435,26.6867995262146,18.0,True,251,246
sji-10,sji,SJI,39497422,12,11487,-0.3134779988880501,26.6867995262146,18.0,True,346,293
sji-11,sji,SJI,39497422,12,11499,-0.2389117971068863,26.6867995262146,18.0,False,574,362
sji-12,sji,SJI,39497428,12,11511,-0.2293047963448804,26.6867995262146,18.0,True,292,711
sji-13,sji,SJI,39497428,14,11523,-0.1343268788033536,26.6867995262146,18.0,True,414,405
sji-14,sji,SJI,39497428,12,11537,0.2711230612863602,26.6867995262146,18.0,False,296,463
sji-15,sji,SJI,39497434,13,11549,-0.2158941355398477,26.6867995262146,18.0,True,378,562
sji-16,sji,SJI,39497434,15,11562,-0.0317300985045019,26.6867995262146,18.0,False,576,432
sji-17,sji,SJI,39497440,12,11577,-0.2936538222094765,26.6867995262146,18.0,True,261,329
sji-18,sji,SJI,39497440,12,11589,-0.2459473431160221,26.6867995262146,18.0,True,403,448
sji-19,sji,SJI,39497446,13,11601,0.1314340836731111,26.6867995262146,18.0,True,233,484
sji-20,sji,SJI,39497446,12,11614,-0.1689823719725152,26.6867995262146,18.0,True,308,649
sji-21,sji,SJI,39497452,16,11626,-0.1891232264133963,26.6867995262146,18.0,True,282,347
sji-22,sji,SJI,39497452,18,11642,-0.3115108959573825,26.6867995262146,18.0,True,318,268
sji-23,sji,SJI,39497458,12,11660,-0.1824149025565864,26.6867995262146,18.0,True,226,459
sji-24,sji,SJI,39497458,13,11672,0.1409037164870708,26.6867995262146,18.0,True,259,215
sji-25,sji,SJI,39497458,13,11685,-0.0895545399007032,26.6867995262146,18.0,True,329,409
sji-26,sji,SJI,39497464,12,11698,-0.0393984023092845,26.6867995262146,18.0,True,242,779
sji-27,sji,SJI,39497464,31,11710,-0.0071839526605326,26.6867995262146,18.0,True,408,220
sji-28,sji,SJI,39497470,14,11741,0.0403096571308479,26.6867995262146,18.0,True,240,327
sji-29,sji,SJI,39497476,13,11755,-0.0022748962294839,26.6867995262146,18.0,True,248,423
sji-30,sji,SJI,39497476,13,11768,0.1737652479143229,26.6867995262146,18.0,True,259,661
sji-31,sji,SJI,39497476,15,11781,-0.043765170037421,26.6867995262146,18.0,False,745,261
sji-32,sji,SJI,39497476,12,11796,-0.2203277387853758,26.6867995262146,18.0,True,326,833
sji-33,sji,SJI,39497476,18,11808,0.0484076428606873,26.6867995262146,18.0,True,338,293
sji-34,sji,SJI,39497476,12,11826,0.3312160492232743,26.6867995262146,18.0,True,386,647
sji-35,sji,SJI,39497482,12,11838,0.103000173121623,26.6867995262146,18.0,True,423,783
sji-36,sji,SJI,39498424,20,11850,-0.1924405707081943,26.6867995262146,18.0,False,218,343
sji-37,sji,SJI,39498436,15,11870,-0.1989454403539649,26.6867995262146,18.0,False,536,223
sji-38,sji,SJI,39498454,12,11885,-0.2597593566749244,26.6867995262146,18.0,False,247,471
sji-39,sji,SJI,39498472,12,11897,-0.2611552169994384,26.6867995262146,18.0,False,664,250
sji-40,sji,SJI,39498472,12,11909,-0.3288433306202603,26.6867995262146,18.0,True,272,740
sji-41,sji,SJI,39498472,12,11921,-0.2295271467102819,26.6867995262146,18.0,False,533,325
sji-42,sji,SJI,39498478,12,11933,-0.2036546774102187,26.6867995262146,18.0,True,397,614
sji-43,sji,SJI,39498478,14,11945,-0.1873026073981456,26.6867995262146,18.0,False,849,426
sji-44,sji,SJI,39498478,12,11959,-0.1160962400165494,26.6867995262146,18.0,False,605,444
sji-45,sji,SJI,39498484,12,11971,-0.28972045096943,26.6867995262146,18.0,False,489,257
sji-46,sji,SJI,39498484,12,11983,-0.1101798349629948,26.6867995262146,18.0,True,276,599
sji-47,sji,SJI,39498484,16,11995,-0.0837002421918115,26.6867995262146,18.0,True,381,224
sji-48,sji,SJI,39498490,12,12011,-0.3296148127814188,26.6867995262146,18.0,True,219,786
sji-49,sji,SJI,39498490,12,12023,-0.3138161634398788,26.6867995262146,18.0,True,241,592
sji-50,sji,SJI,39498490,20,12035,-0.1837980933189571,26.6867995262146,18.0,True,246,848
sji-51,sji,SJI,39498490,16,12055,-0.1543846331593924,26.6867995262146,18.0,True,405,498
sji-52,sji,SJI,39498496,16,12071,-0.0119737051572321,26.6867995262146,18.0,True,254,410
sji-53,sji,SJI,39498496,13,12087,-0.2268738863505521,26.6867995262146,18.0,True,270,501
sji-54,sji,SJI,39498496,13,12100,0.0860705821046308,26.6867995262146,18.0,True,404,375
sji-55,sji,SJI,39498496,17,12113,-0.0574835301966856,26.6867995262146,18.0,True,478,319
sji-56,sji,SJI,39498502,13,12130,-0.0918555802751231,26.6867995262146,18.0,True,215,407
sji-57,sji,SJI,39498502,14,12143,-0.1244639729048641,26.6867995262146,18.0,True,332,690
sji-58,sji,SJI,39498502,15,12157,-0.2950363141052684,26.6867995262146,18.0,True,424,576
sji-59,sji,SJI,39498508,22,12172,0.113395037266,26.6867995262146,18.0,True,325,684
sji-60,sji,SJI,39498508,12,12194,-0.0603487847069521,26.6867995262146,18.0,True,349,609
sji-61,sji,SJI,39498514,14,12206,-0.2234427491838842,26.6867995262146,18.0,True,274,302
sji-62,sji,SJI,39498514,17,12220,0.0195170191355357,26.6867995262146,18.0,True,322,669
sji-63,sji,SJI,39498520,19,12237,-0.0727194483289325,26.6867995262146,18.0,True,336,752
sji-64,sji,SJI,39498520,13,12256,0.1715467375843586,26.6867995262146,18.0,True,414,572
sji-65,sji,SJI,39530333,153,12269,0.0050199999859596,26.6867995262146,18.0,False,654,307
sji-66,sji,SJI,39530351,12,12422,-0.0916903920369689,26.6867995262146,18.0,False,255,470
sji-67,sji,SJI,39530447,13,12434,-0.0997037676993065,26.6867995262146,18.0,True,352,383
sji-68,sji,SJI,39530459,12,12447,0.1080033013297694,26.6867995262146,18.0,True,273,397
sji-69,sji,SJI,39531419,18,12459,-0.199407961562014,26.6867995262146,18.0,False,246,289
sji-70,sji,SJI,39531419,16,12477,0.1848451809915698,26.6867995262146,18.0,True,470,547
sji-71,sji,SJI,39531425,13,12493,-0.228885414718145,26.6867995262146,18.0,False,296,253
sji-72,sji,SJI,39531425,12,12506,-0.2758958969717601,26.6867995262146,18.0,False,466,426
sji-73,sji,SJI,39531443,15,12518,-0.2846539252089116,26.6867995262146,18.0,False,487,306
sji-74,sji,SJI,39531443,12,12533,-0.1423761078244635,26.6867995262146,18.0,True,311,532
sji-75,sji,SJI,39531443,12,12545,0.0336867569656437,26.6867995262146,18.0,False,603,355
sji-76,sji,SJI,39531443,12,12557,-0.236140039301673,26.6867995262146,18.0,True,445,476
sji-77,sji,SJI,39531449,12,12569,-0.3254188717363284,26.6867995262146,18.0,True,232,347
sji-78,sji,SJI,39531449,12,12581,-0.0929108719386213,26.6867995262146,18.0,False,439,434
sji-79,sji,SJI,39531449,13,12593,0.0449478290531095,26.6867995262146,18.0,True,478,802
sji-80,sji,SJI,39531455,13,12606,-0.0550137253276204,26.6867995262146,18.0,False,370,331
sji-81,sji,SJI,39531455,14,12619,-0.260961200438867,26.6867995262146,18.0,False,785,343
sji-82,sji,SJI,39531455,14,12633,-0.2005060414505593,26.6867995262146,18.0,True,443,615
sji-83,sji,SJI,39531461,13,12647,-0.1813289023593816,26.6867995262146,18.0,True,304,825
sji-84,sji,SJI,39531467,13,12660,-0.0259005814544776,26.6867995262146,18.0,True,429,568
sji-85,sji,SJI,39531473,13,12673,-0.2117920765718832,26.6867995262146,18.0,True,362,791
sji-86,sji,SJI,39531485,13,12686,-0.0866167857093899,26.6867995262146,18.0,True,231,499
sji-87,sji,SJI,39531485,15,12699,0.019128778025936,26.6867995262146,18.0,True,256,702
sji-88,sji,SJI,39531485,12,12714,-0.0009557197956952,26.6867995262146,18.0,True,346,368
sji-89,sji,SJI,39531491,12,12726,0.3201237846508159,26.6867995262146,18.0,True,255,237
sji-90,sji,SJI,39531491,12,12738,-0.2574687180996762,26.6867995262146,18.0,True,484,290
sji-91,sji,SJI,39531497,13,12750,0.1635073464969515,26.6867995262146,18.0,True,397,299
sji-92,sji,SJI,39531497,17,12763,0.2810547403433028,26.6867995262146,18.0,True,433,344
sji-93,sji,SJI,39531497,13,12780,0.0042657101387288,26.6867995262146,18.0,True,458,623
sji-94,sji,SJI,39532475,12,12793,-0.3404823472769824,26.6867995262146,18.0,False,452,390
sji-95,sji,SJI,39532505,13,12805,-0.2535630438217375,26.6867995262146,18.0,True,259,584
sji-96,sji,SJI,39532505,13,12818,-0.1545010692974268,26.6867995262146,18.0,True,284,688
sji-97,sji,SJI,39532517,14,12831,0.0822759006837025,26.6867995262146,18.0,True,362,570
sji-98,sji,SJI,39532517,14,12845,-0.1779037610927297,26.6867995262146,18.0,True,388,362
sji-99,sji,SJI,39532517,12,12859,-0.1627017145521175,26.6867995262146,18.0,True,395,769
sji-100,sji,SJI,39532517,22,12871,-0.2762376901718255,26.6867995262146,18.0,True,450,717
sji-101,sji,SJI,39532523,13,12893,0.3425735072403839,26.6867995262146,18.0,True,300,785
sji-102,sji,SJI,39532523,12,12906,0.0703540885620973,26.6867995262146,18.0,True,456,251
sji-103,sji,SJI,39532529,18,12918,0.0550211842098511,26.6867995262146,18.0,True,214,335
sji-104,sji,SJI,39532535,16,12936,-0.1415652049290121,26.6867995262146,18.0,True,308,738
sji-105,sji,SJI,39532535,16,12952,0.0001180474532826,26.6867995262146,18.0,True,443,585
sji-106,sji,SJI,39532541,36,12968,0.0134875252730668,26.6867995262146,18.0,True,263,334
sji-107,sji,SJI,39532547,25,13004,0.1533259446677247,26.6867995262146,18.0,True,241,648
sji-108,sji,SJI,39532559,21,13029,0.0886728551458733,26.6867995262146,18.0,True,355,548
sji-109,sji,SJI,39563206,13,13050,-0.2482101172475614,26.6867995262146,18.0,False,576,360
sji-110,sji,SJI,39563212,15,13063,-0.3428019068772021,26.6867995262146,18.0,False,555,325
sji-111,sji,SJI,39563254,14,13078,-0.3393202953928887,26.6867995262146,18.0,True,302,226
sji-112,sji,SJI,39563260,12,13092,-0.2177901240965266,26.6867995262146,18.0,False,666,486
sji-113,sji,SJI,39563266,14,13104,0.3388771308109582,26.6867995262146,18.0,True,395,474
sji-114,sji,SJI,39563272,13,13118,-0.2034411902576822,26.6867995262146,18.0,True,325,342
sji-115,sji,SJI,39563278,16,13131,-0.1580860254581971,26.6867995262146,18.0,True,290,836
sji-116,sji,SJI,39563332,14,13147,0.0974012717439727,26.6867995262146,18.0,False,561,427
sji-117,sji,SJI,39564220,20,13161,-0.2381133938031907,26.6867995262146,18.0,False,690,387
sji-118,sji,SJI,39564244,24,13181,-0.1220511227537037,26.6867995262146,18.0,False,400,434
sji-119,sji,SJI,39564256,12,13205,-0.3113508754044847,26.6867995262146,18.0,False,804,342
sji-120,sji,SJI,39564256,13,13217,-0.0575778029452819,26.6867995262146,18.0,False,439,403
sji-121,sji,SJI,39564262,21,13230,-0.2438893454867413,26.6867995262146,18.0,False,372,392
sji-122,sji,SJI,39564268,13,13251,-0.1305113457156852,26.6867995262146,18.0,True,288,844
sji-123,sji,SJI,39564268,12,13264,-0.3086559326319097,26.6867995262146,18.0,False,260,452
sji-124,sji,SJI,39564280,13,13276,-0.2314263581884275,26.6867995262146,18.0,False,271,320
sji-125,sji,SJI,39564286,13,13289,-0.3351581406667247,26.6867995262146,18.0,True,388,362
sji-126,sji,SJI,39564286,12,13302,-0.295057279909086,26.6867995262146,18.0,True,468,743
sji-127,sji,SJI,39564292,20,13314,-0.2482219877511936,26.6867995262146,18.0,True,335,588
sji-128,sji,SJI,39564292,12,13334,-0.0550939208017718,26.6867995262146,18.0,True,351,626
sji-129,sji,SJI,39564292,14,13346,-0.161798610685141,26.6867995262146,18.0,True,405,720
sji-130,sji,SJI,39564304,13,13360,0.1895308700902552,26.6867995262146,18.0,True,264,490
sji-131,sji,SJI,39564304,13,13373,-0.2766004407972741,26.6867995262146,18.0,True,382,846
sji-132,sji,SJI,39564304,12,13386,-0.1669902151710854,26.6867995262146,18.0,True,405,444
sji-133,sji,SJI,39564310,14,13398,-0.0354656805512824,26.6867995262146,18.0,True,457,837
sji-134,sji,SJI,39564316,14,13412,-0.028412941858047,26.6867995262146,18.0,True,231,269
sji-135,sji,SJI,39564322,13,13426,0.3344672382750691,26.6867995262146,18.0,True,303,266
sji-136,sji,SJI,39564322,14,13439,-0.1014894863958528,26.6867995262146,18.0,True,444,783
sji-137,sji,SJI,39564322,13,13453,-0.3372611544845564,26.6867995262146,18.0,False,592,452
sji-138,sji,SJI,39564328,13,13466,0.0904552403269642,26.6867995262146,18.0,True,269,709
sji-139,sji,SJI,39564328,26,13479,-0.1005594291161299,26.6867995262146,18.0,True,396,480
sji-140,sji,SJI,39564328,14,13505,-0.3305269939882521,26.6867995262146,18.0,True,468,568
sji-141,sji,SJI,39564334,24,13519,0.0872390404713734,26.6867995262146,18.0,True,454,237
sji-142,sji,SJI,39564340,13,13543,-0.0902597523938323,26.6867995262146,18.0,False,300,369
sji-143,sji,SJI,39564340,23,13556,0.1804531890052761,26.6867995262146,18.0,True,470,845
sji-144,sji,SJI,39564346,19,13579,0.3080497088643304,26.6867995262146,18.0,True,223,782
sji-145,sji,SJI,39564346,18,13598,0.2959486912134187,26.6867995262146,18.0,True,314,448
sji-146,sji,SJI,39564346,17,13616,-0.0483217339710875,26.6867995262146,18.0,False,555,479
sji-147,sji,SJI,39565306,17,13633,-0.0332538182184664,26.6867995262146,18.0,True,341,368
sji-148,sji,SJI,39565348,20,13650,-0.3055480759258934,26.6867995262146,18.0,True,255,643
sji-149,sji,SJI,39565360,28,13670,-0.0720143683644508,26.6867995262146,18.0,True,394,317
sji-150,sji,SJI,39565366,14,13698,0.0849096881215554,26.6867995262146,18.0,True,340,335
sji-151,sji,SJI,39565372,14,13712,-0.0355438661004319,26.6867995262146,18.0,False,562,291
sji-152,sji,SJI,39565378,14,13726,-0.3476895417376319,26.6867995262146,18.0,True,243,569
sji-153,sji,SJI,39565378,13,13740,-0.1175757429669484,26.6867995262146,18.0,True,268,447
sji-154,sji,SJI,39565378,13,13753,0.047767250215675,26.6867995262146,18.0,True,462,602
sji-155,sji,SJI,39565384,14,13766,0.0786673678532568,26.6867995262146,18.0,True,471,608
sji-156,sji,SJI,39497365,13,13780,0.3274106980855805,26.6867995262146,18.0,False,706,292
sji-157,sji,SJI,39497371,12,13793,0.2775873853700707,26.6867995262146,18.0,False,487,307
sji-158,sji,SJI,39497377,14,13805,0.0991306753671783,26.6867995262146,18.0,False,360,273
sji-159,sji,SJI,39497389,21,13819,0.2462495113880174,26.6867995262146,18.0,False,691,226
sji-160,sji,SJI,39497389,14,13840,0.2016318928379024,26.6867995262146,18.0,False,246,325
sji-161,sji,SJI,39497395,12,13854,0.2375181305242069,26.6867995262146,18.0,False,781,244
sji-162,sji,SJI,39497401,18,13866,0.3155222190954694,26.6867995262146,18.0,False,526,247
sji-163,sji,SJI,39497425,12,13884,0.2680076099558665,26.6867995262146,18.0,True,306,610
sji-164,sji,SJI,39497431,13,13896,0.2755786346720532,26.6867995262146,18.0,False,746,393
sji-165,sji,SJI,39497437,14,13909,0.2989293409523776,26.6867995262146,18.0,True,273,233
sji-166,sji,SJI,39497437,12,13923,0.0788370320017954,26.6867995262146,18.0,True,309,635
sji-167,sji,SJI,39497437,12,13935,-0.0804617613889001,26.6867995262146,18.0,False,681,315
sji-168,sji,SJI,39497437,13,13947,0.0452465403730835,26.6867995262146,18.0,True,356,476
sji-169,sji,SJI,39497443,12,13960,0.0015819370388177,26.6867995262146,18.0,True,350,581
sji-170,sji,SJI,39497443,14,13972,0.1941810991722956,26.6867995262146,18.0,True,386,209
sji-171,sji,SJI,39497443,12,13986,0.2703421247877575,26.6867995262146,18.0,True,388,249
sji-172,sji,SJI,39497449,22,13998,0.2530758366216492,26.6867995262146,18.0,True,288,665
sji-173,sji,SJI,39497449,12,14020,-0.0167781903732905,26.6867995262146,18.0,False,469,380
sji-174,sji,SJI,39497449,20,14032,0.2281180346391235,26.6867995262146,18.0,True,395,405
sji-175,sji,SJI,39497455,20,14052,-0.1389718523489325,26.6867995262146,18.0,True,309,583
sji-176,sji,SJI,39497455,20,14072,0.2005241719752412,26.6867995262146,18.0,True,440,577
sji-177,sji,SJI,39497461,13,14092,-0.0958992700827807,26.6867995262146,18.0,True,287,294
sji-178,sji,SJI,39497461,15,14105,0.2908306410535423,26.6867995262146,18.0,True,418,823
sji-179,sji,SJI,39497473,14,14120,0.1054957716057922,26.6867995262146,18.0,True,257,588
sji-180,sji,SJI,39497473,12,14134,0.1261762560362588,26.6867995262146,18.0,False,214,338
sji-181,sji,SJI,39497479,13,14146,-0.2114517772767196,26.6867995262146,18.0,True,346,501
sji-182,sji,SJI,39497479,22,14159,-0.2285788565825835,26.6867995262146,18.0,True,389,214
sji-183,sji,SJI,39497491,17,14181,-0.2453164592332167,26.6867995262146,18.0,True,429,433
sji-184,sji,SJI,39498427,13,14198,0.0230188485929545,26.6867995262146,18.0,False,810,280
sji-185,sji,SJI,39498457,17,14211,-0.0146688970623087,26.6867995262146,18.0,False,792,302
sji-186,sji,SJI,39498463,12,14228,-0.0965926145032362,26.6867995262146,18.0,True,355,270
sji-187,sji,SJI,39498469,12,14240,0.1465841059134367,26.6867995262146,18.0,True,248,452
sji-188,sji,SJI,39498469,12,14252,0.2912810746171174,26.6867995262146,18.0,True,341,439
sji-189,sji,SJI,39498475,12,14264,0.0708396734634685,26.6867995262146,18.0,False,544,331
sji-190,sji,SJI,39498481,14,14276,0.1224955076278334,26.6867995262146,18.0,False,696,449
sji-191,sji,SJI,39498487,12,14290,0.1685037017000859,26.6867995262146,18.0,True,233,715
sji-192,sji,SJI,39498493,14,14302,0.2484622234649008,26.6867995262146,18.0,True,227,555
sji-193,sji,SJI,39498493,13,14316,0.2794603709183525,26.6867995262146,18.0,True,241,559
sji-194,sji,SJI,39498493,12,14329,0.2068887605191716,26.6867995262146,18.0,True,429,253
sji-195,sji,SJI,39498493,17,14341,0.0929323397097968,26.6867995262146,18.0,True,432,811
sji-196,sji,SJI,39498499,13,14358,0.3269594711608884,26.6867995262146,18.0,True,256,426
sji-197,sji,SJI,39498499,24,14371,-0.0105132507161609,26.6867995262146,18.0,True,271,243
sji-198,sji,SJI,39498499,13,14395,0.2493721296416045,26.6867995262146,18.0,True,308,198
sji-199,sji,SJI,39498499,20,14408,0.2362695376785485,26.6867995262146,18.0,True,346,661
sji-200,sji,SJI,39498499,12,14428,0.1284118728779242,26.6867995262146,18.0,True,355,805
sji-201,sji,SJI,39498499,12,14440,-0.2150307969647495,26.6867995262146,18.0,True,360,253
sji-202,sji,SJI,39498499,16,14452,0.3172535732426962,26.6867995262146,18.0,True,363,348
sji-203,sji,SJI,39498499,13,14468,0.2316326777706434,26.6867995262146,18.0,True,428,763
sji-204,sji,SJI,39498499,19,14481,0.0822967181124819,26.6867995262146,18.0,True,434,236
sji-205,sji,SJI,39498499,13,14500,0.2668475428494985,26.6867995262146,18.0,True,439,531
sji-206,sji,SJI,39498499,16,14513,0.0300881906309519,26.6867995262146,18.0,True,448,807
sji-207,sji,SJI,39498505,13,14529,-0.0424504769828609,26.6867995262146,18.0,True,291,778
sji-208,sji,SJI,39498505,18,14542,-0.0735376243928041,26.6867995262146,18.0,True,359,271
sji-209,sji,SJI,39498505,15,14560,-0.0226888342418512,26.6867995262146,18.0,True,390,486
sji-210,sji,SJI,39498505,14,14575,0.2963371234746978,26.6867995262146,18.0,True,457,748
sji-211,sji,SJI,39498511,22,14589,-0.0255615815736947,26.6867995262146,18.0,True,213,222
sji-212,sji,SJI,39498511,13,14611,-0.1055986085033337,26.6867995262146,18.0,True,253,409
sji-213,sji,SJI,39498511,12,14624,-0.1231895827153226,26.6867995262146,18.0,True,294,282
sji-214,sji,SJI,39498511,14,14636,0.0979181682248501,26.6867995262146,18.0,True,344,345
sji-215,sji,SJI,39498511,12,14650,0.2174365966264456,26.6867995262146,18.0,True,455,608
sji-216,sji,SJI,39498517,17,14662,0.0001901033633936,26.6867995262146,18.0,True,307,200
sji-217,sji,SJI,39498517,20,14679,-0.2859609787733044,26.6867995262146,18.0,True,396,453
sji-218,sji,SJI,39498517,17,14699,-0.0143205801904164,26.6867995262146,18.0,True,418,494
sji-219,sji,SJI,39498517,13,14716,0.1853765464851763,26.6867995262146,18.0,True,469,781
sji-220,sji,SJI,39498529,19,14729,-0.2085431602252761,26.6867995262146,18.0,True,213,494
sji-221,sji,SJI,39530330,17,14748,-0.153834749507696,26.6867995262146,18.0,True,296,525
sji-222,sji,SJI,39530366,24,14765,0.2656035899423686,26.6867995262146,18.0,False,317,370
sji-223,sji,SJI,39530378,12,14789,0.1834232120194888,26.6867995262146,18.0,False,247,221
sji-224,sji,SJI,39530378,14,14801,0.2307874246494805,26.6867995262146,18.0,False,684,222
sji-225,sji,SJI,39530378,13,14815,0.3400236984801327,26.6867995262146,18.0,False,433,282
sji-226,sji,SJI,39530378,17,14828,0.2627653995916709,26.6867995262146,18.0,False,745,354
sji-227,sji,SJI,39530414,14,14845,0.2583472172642209,26.6867995262146,18.0,True,241,536
sji-228,sji,SJI,39530426,12,14859,-0.2309311751637546,26.6867995262146,18.0,True,382,829
sji-229,sji,SJI,39531392,12,14871,0.1514193374837912,26.6867995262146,18.0,False,280,349
sji-230,sji,SJI,39531398,12,14883,0.1471554043190686,26.6867995262146,18.0,False,388,408
sji-231,sji,SJI,39531398,12,14895,0.2904921500683781,26.6867995262146,18.0,False,411,450
sji-232,sji,SJI,39531404,14,14907,0.2050916057704423,26.6867995262146,18.0,False,282,238
sji-233,sji,SJI,39531422,15,14921,0.3242620641309055,26.6867995262146,18.0,False,527,421
sji-234,sji,SJI,39531428,12,14936,0.3334451745819042,26.6867995262146,18.0,False,579,420
sji-235,sji,SJI,39531434,14,14948,0.1151184467135259,26.6867995262146,18.0,True,363,552
sji-236,sji,SJI,39531434,13,14962,-0.0933862428242928,26.6867995262146,18.0,False,278,388
sji-237,sji,SJI,39531440,14,14975,0.0497061187758621,26.6867995262146,18.0,True,314,555
sji-238,sji,SJI,39531446,13,14989,0.050956217560004,26.6867995262146,18.0,False,753,333
sji-239,sji,SJI,39531452,13,15002,0.2951068844830372,26.6867995262146,18.0,True,358,565
sji-240,sji,SJI,39531458,13,15015,0.3345641471749668,26.6867995262146,18.0,True,225,421
sji-241,sji,SJI,39531464,13,15028,0.304621113965026,26.6867995262146,18.0,True,265,768
sji-242,sji,SJI,39531470,14,15041,0.2010846806945587,26.6867995262146,18.0,True,350,577
sji-243,sji,SJI,39531470,20,15055,0.1729974616444291,26.6867995262146,18.0,True,408,557
sji-244,sji,SJI,39531476,15,15075,-0.3350956627346974,26.6867995262146,18.0,False,363,232
sji-245,sji,SJI,39531476,18,15090,0.1556611643516188,26.6867995262146,18.0,True,275,653
sji-246,sji,SJI,39531482,13,15108,-0.1954921510160704,26.6867995262146,18.0,True,436,678
sji-247,sji,SJI,39531488,20,15121,0.1548889047830489,26.6867995262146,18.0,True,213,589
sji-248,sji,SJI,39531488,12,15141,0.0690423960963934,26.6867995262146,18.0,True,317,283
sji-249,sji,SJI,39531488,12,15153,0.2406994136783482,26.6867995262146,18.0,True,416,548
sji-250,sji,SJI,39531488,14,15165,0.2424250205601591,26.6867995262146,18.0,True,423,686
sji-251,sji,SJI,39531488,12,15179,-0.0420587822811552,26.6867995262146,18.0,True,432,741
sji-252,sji,SJI,39531488,13,15191,-0.1310714542272371,26.6867995262146,18.0,True,454,600
sji-253,sji,SJI,39531494,12,15204,0.0017711554273262,26.6867995262146,18.0,True,216,741
sji-254,sji,SJI,39531494,21,15216,0.0769218435650703,26.6867995262146,18.0,True,363,445
sji-255,sji,SJI,39531506,14,15237,-0.1869233484765318,26.6867995262146,18.0,True,329,514
sji-256,sji,SJI,39532436,12,15251,0.1644804431637423,26.6867995262146,18.0,False,626,351
sji-257,sji,SJI,39532448,20,15263,0.3149131905032796,26.6867995262146,18.0,False,408,379
sji-258,sji,SJI,39532508,14,15283,0.0789021018027781,26.6867995262146,18.0,True,404,401
sji-259,sji,SJI,39532514,17,15297,-0.1016880638495849,26.6867995262146,18.0,True,281,823
sji-260,sji,SJI,39532520,16,15314,0.3285058399461442,26.6867995262146,18.0,True,213,526
sji-261,sji,SJI,39532520,13,15330,-0.0235794804338525,26.6867995262146,18.0,True,249,295
sji-262,sji,SJI,39532520,15,15343,0.1540018716001237,26.6867995262146,18.0,False,725,402
sji-263,sji,SJI,39532526,31,15358,0.191787147520949,26.6867995262146,18.0,True,224,647
sji-264,sji,SJI,39532526,20,15389,0.0019410807960852,26.6867995262146,18.0,True,354,507
sji-265,sji,SJI,39532526,23,15409,-0.0121316371861332,26.6867995262146,18.0,True,357,369
sji-266,sji,SJI,39532532,14,15432,-0.0298402999264528,26.6867995262146,18.0,True,235,789
sji-267,sji,SJI,39532532,12,15446,-0.0693739693793767,26.6867995262146,18.0,True,356,692
sji-268,sji,SJI,39532538,13,15458,-0.1961395086833815,26.6867995262146,18.0,True,310,219
sji-269,sji,SJI,39532538,13,15471,0.2848605109098259,26.6867995262146,18.0,False,415,465
sji-270,sji,SJI,39563173,17,15484,-0.3306875479239118,26.6867995262146,18.0,False,618,227
sji-271,sji,SJI,39563173,32,15501,0.2171387847979924,26.6867995262146,18.0,False,394,393
sji-272,sji,SJI,39563197,19,15533,0.0361778841933191,26.6867995262146,18.0,False,216,443
sji-273,sji,SJI,39563203,12,15552,0.2171912785818826,26.6867995262146,18.0,False,652,373
sji-274,sji,SJI,39563215,22,15564,0.2866579687612055,26.6867995262146,18.0,False,378,314
sji-275,sji,SJI,39563221,12,15586,-0.0967639093581276,26.6867995262146,18.0,True,351,211
sji-276,sji,SJI,39563245,13,15598,0.3196193346681719,26.6867995262146,18.0,False,803,413
sji-277,sji,SJI,39563257,13,15611,0.3402921534019186,26.6867995262146,18.0,True,390,728
sji-278,sji,SJI,39563263,12,15624,-0.2483560367010316,26.6867995262146,18.0,True,259,706
sji-279,sji,SJI,39563263,14,15636,0.2438360991176635,26.6867995262146,18.0,True,316,348
sji-280,sji,SJI,39563269,14,15650,0.1935609650481974,26.6867995262146,18.0,True,337,522
sji-281,sji,SJI,39563269,15,15664,0.16129875452925,26.6867995262146,18.0,True,371,274
sji-282,sji,SJI,39563275,13,15679,0.2416431100281793,26.6867995262146,18.0,True,257,674
sji-283,sji,SJI,39563281,20,15692,0.0680886038117319,26.6867995262146,18.0,True,397,299
sji-284,sji,SJI,39564217,19,15712,0.0544070033599108,26.6867995262146,18.0,False,206,405
sji-285,sji,SJI,39564223,23,15731,0.1406742090654497,26.6867995262146,18.0,False,216,252
sji-286,sji,SJI,39564235,14,15754,0.263359145065652,26.6867995262146,18.0,False,296,326
sji-287,sji,SJI,39564241,32,15768,0.0783548434279954,26.6867995262146,18.0,False,542,390
sji-288,sji,SJI,39564283,12,15800,0.0889350260523746,26.6867995262146,18.0,True,224,754
sji-289,sji,SJI,39564289,13,15812,0.2568706732572409,26.6867995262146,18.0,True,282,210
sji-290,sji,SJI,39564295,12,15825,-0.0353429914937999,26.6867995262146,18.0,False,295,302
sji-291,sji,SJI,39564295,13,15837,0.1914904176713862,26.6867995262146,18.0,True,453,535
sji-292,sji,SJI,39564301,13,15850,0.1597926800322548,26.6867995262146,18.0,True,233,596
sji-293,sji,SJI,39564301,34,15863,0.0850041252666543,26.6867995262146,18.0,True,407,755
sji-294,sji,SJI,39564301,12,15897,-0.0428573940251221,26.6867995262146,18.0,True,412,474
sji-295,sji,SJI,39564301,14,15909,-0.1058167161733932,26.6867995262146,18.0,True,429,495
sji-296,sji,SJI,39564313,20,15923,0.0983293193755992,26.6867995262146,18.0,True,302,518
sji-297,sji,SJI,39564313,17,15943,0.2219050391762664,26.6867995262146,18.0,True,351,532
sji-298,sji,SJI,39564313,12,15960,-0.2641803180269804,26.6867995262146,18.0,True,410,383
sji-299,sji,SJI,39564313,13,15972,0.0296223187085535,26.6867995262146,18.0,True,431,625
sji-300,sji,SJI,39564313,12,15985,-0.2637949406706747,26.6867995262146,18.0,False,774,441
sji-301,sji,SJI,39564313,12,15997,-0.1153821774082853,26.6867995262146,18.0,False,262,450
sji-302,sji,SJI,39564319,12,16009,0.1444162851489459,26.6867995262146,18.0,True,247,479
sji-303,sji,SJI,39564319,18,16021,0.2669124570850904,26.6867995262146,18.0,True,459,225
sji-304,sji,SJI,39564325,13,16039,-0.1204115602779986,26.6867995262146,18.0,True,465,623
sji-305,sji,SJI,39564337,13,16052,0.0423591663457625,26.6867995262146,18.0,True,251,589
sji-306,sji,SJI,39564367,12,16065,0.0118203516533729,26.6867995262146,18.0,False,376,268
sji-307,sji,SJI,39565285,15,16077,0.2869026483678859,26.6867995262146,18.0,False,383,228
sji-308,sji,SJI,39565327,24,16092,0.2628831684815852,26.6867995262146,18.0,False,613,337
sji-309,sji,SJI,39565333,15,16116,0.120516820751229,26.6867995262146,18.0,True,423,761
sji-310,sji,SJI,39565339,15,16131,0.2422467930597222,26.6867995262146,18.0,True,317,400
sji-311,sji,SJI,39565345,13,16146,-0.3078514590397877,26.6867995262146,18.0,True,439,374
sji-312,sji,SJI,39565351,12,16159,0.3158071779072166,26.6867995262146,18.0,True,216,575
sji-313,sji,SJI,39565351,14,16171,0.2283014700024286,26.6867995262146,18.0,True,325,591
sji-314,sji,SJI,39565351,14,16185,0.0804693071660555,26.6867995262146,18.0,True,376,288
sji-315,sji,SJI,39565357,15,16199,0.1095930157565211,26.6867995262146,18.0,True,251,249
sji-316,sji,SJI,39565357,17,16214,0.125792113558673,26.6867995262146,18.0,True,252,244
sji-317,sji,SJI,39565363,13,16231,0.1387642992086214,26.6867995262146,18.0,True,358,401
sji-318,sji,SJI,39565375,18,16244,0.2834371961303918,26.6867995262146,18.0,True,331,458
sji-319,sji,SJI,39565381,13,16262,-0.0202327083766078,26.6867995262146,18.0,True,261,329
sji-320,sji,SJI,39565381,13,16275,-0.2261209079833356,26.6867995262146,18.0,True,411,604
sji-321,sji,SJI,39565393,18,16288,-0.1318808650149962,26.6867995262146,18.0,False,338,249
